lon,lat,Code,deaths,X2018_people_per_sq_km,Mean_ann_earnings,median_age_2018,pm25_val,no2_val,o3_val,pm10_val,so2_val,nox_val
-1.2093696,54.6857276,E06000001,20,997,25985.0,41.8,7.3628211,13.105737,5.303858,11.506778,1.5755607,17.730895
-1.2344047,54.5760419,E06000002,60,2608,22878.0,36.2,8.210540499999999,20.178191,4.2518016,12.561927999999998,3.133286499999999,29.296034000000002
-1.0054963,54.5679056,E06000003,26,558,23236.0,45.0,7.293137200000001,7.749542,6.8514997,12.855827000000001,0.99886383,9.9832409
-1.3129164,54.564094,E06000004,26,962,26622.0,40.4,7.9008561,15.562037999999998,5.0506318,12.25113,1.9343295,21.440737000000006
-1.5555812,54.5242081,E06000005,14,540,26908.0,43.1,7.153221099999999,11.3603409,5.1988114,11.129634999999999,1.12903354,15.098272
-2.7427829,53.3538525,E06000006,28,1624,26328.0,41.0,9.257343199999998,15.611061999999999,4.393569099999999,13.269754000000002,3.0365011000000006,21.642167
-2.5943178,53.3899497,E06000007,41,1160,29842.0,42.2,8.5694032,17.232627,3.7784427999999997,12.433627,2.8363907,24.256561999999995
-2.4709001,53.6991769,E06000008,18,1087,22198.0,36.3,7.6509851,12.3690162,4.243171200000001,11.3740139,1.5465026,16.653894
-3.0564845,53.8182212,E06000009,20,3997,21181.0,43.5,7.0152573,10.1575283,4.947972699999999,10.1191375,1.2515428499999999,13.338966
-0.3394758,53.7435722,E06000010,21,3648,20562.0,35.6,10.133429500000002,18.906543999999997,4.8822638000000005,15.584662,3.0704070000000003,27.329206000000006
-0.5813105,53.9112323,E06000011,38,141,,48.8,7.9058246,6.2794929999999995,7.146502,14.660315,1.0176385,7.987621099999998
-0.093681,53.5368033,E06000012,13,833,24119.0,42.4,9.0268366,12.339794999999999,6.537912200000001,15.313371999999998,1.5122741999999998,16.649427999999997
-0.602323,53.5897441,E06000013,9,203,25417.0,44.1,8.9422246,11.402008,5.8045487,14.852695,3.2559183000000003,15.28743
-1.0815361,53.9590555,E06000014,27,772,25786.0,37.6,8.3177745,14.073252,5.2771586,12.844988,1.4010056,19.22192
-1.4761491,52.9212617,E06000015,98,3296,28529.0,36.9,9.723187600000001,20.326217999999997,3.5086304,14.439633,1.8655757999999998,29.549593999999995
-1.1330789,52.6361398,E06000016,65,4843,20734.0,31.6,10.4551577,23.452086,2.6415406999999997,15.805180000000002,2.0136487,35.539774
-0.6632643,52.6423036,E06000017,2,104,24740.0,47.0,8.5414677,6.9049517,4.2762239,13.825150000000002,0.8422487500000001,8.839963299999999
-1.1496461,52.9534193,E06000018,49,4437,22898.0,29.7,9.8736954,22.494498,3.1606484000000004,15.146823000000001,2.0347151,33.5871
-2.75,52.083333,E06000019,18,88,24950.0,47.0,7.8481914,5.488834800000001,9.3299757,13.254887,1.05179287,6.9161711000000015
-2.5008624,52.7214452,E06000020,20,612,23856.0,39.4,7.6384959,7.937818299999999,8.2308411,12.696734,1.17190132,10.2491896
-2.1812607,53.0162014,E06000021,31,2738,24502.0,37.7,8.696993,18.040019,4.1557601,13.072722000000002,1.8459456000000003,25.442577999999997
-2.4866614,51.3563238,E06000022,34,555,30783.0,38.2,8.0744721,6.2219782,11.216961,12.649253,0.8577953700000001,7.8777197999999995
-2.5972985,51.4538022,E06000023,62,4224,28065.0,32.5,10.141752,19.645615,6.940235200000001,15.268601,1.7411155999999999,28.177559000000002
-2.7691289,51.3966305,E06000024,19,572,29897.0,45.9,7.722717899999999,7.816248100000001,10.0594252,11.859697,0.96360778,10.035917000000001
-2.4809528,51.5491916,E06000025,52,569,27813.0,40.7,8.8251447,10.1336664,9.7836599,13.987557,1.1162649,13.262449
-4.1425658,50.3712659,E06000026,21,3296,25021.0,38.3,7.1248688,13.8075795,8.8657944,11.1351872,1.4479127,18.846321
-3.5394998,50.446247,E06000027,16,2159,21710.0,48.6,6.199585000000001,7.9568285,10.690332000000001,9.6125263,0.8893948300000002,10.221250799999998
-1.7856853,51.5613683,E06000030,41,965,28230.0,39.8,10.698124,15.296379000000002,10.152561500000001,15.762797,1.6022912000000002,21.047351
-0.2427336,52.5725769,E06000031,17,585,26233.0,36.5,10.350239999999998,15.375522,5.971525000000001,15.764195,1.813335,21.209423
-0.4152837,51.8784385,E06000032,74,4939,24830.0,34.2,11.368651000000002,18.724412,8.119034099999999,16.791875,1.5095867000000003,26.728968000000002
0.7128137,51.5388241,E06000033,67,4370,31343.0,41.6,10.2444142,15.647432999999998,11.924532000000003,14.941483999999999,1.26706084,21.824843000000005
0.3962817,51.5080169,E06000034,41,1055,28130.0,36.9,10.888211,18.213602,10.878232399999998,17.037179000000002,1.5598492999999998,25.973733
0.5687309,51.4157386,E06000035,63,1436,29819.0,38.1,10.507867099999999,14.635514999999998,12.414930000000002,15.594275,1.3679022,20.216589
-0.7417888,51.4002688,E06000036,23,1112,32838.0,39.1,10.8005391,13.755677,11.208737,15.271717,1.3831812,18.678224000000004
-1.275882,51.4463134,E06000037,37,225,35730.0,43.2,9.2495919,10.7422492,12.701552000000003,14.109801,0.9112992199999999,14.210391000000001
-0.9696512,51.456659,E06000038,42,4040,32470.0,34.4,12.143519999999999,22.301872,7.876012900000001,17.252391,1.6554683000000001,34.281921
-0.5940682,51.5111014,E06000039,42,4582,29197.0,34.8,12.017199999999999,22.585749,7.664396300000002,17.606645,1.7700464,33.685486000000004
-0.6769505,51.4803412,E06000040,47,768,43963.0,42.1,9.9417355,13.377208,11.068768,14.465367,1.07160865,18.163235000000004
-0.886537,51.4570846,E06000041,39,939,41939.0,41.6,10.687595000000002,15.052600000000002,10.7623644,15.339728,1.3921641999999999,20.864216999999996
-0.7589607,52.0429797,E06000042,79,870,31343.0,37.6,11.048485,14.499737999999999,7.713021099999999,16.962875,1.4136434999999998,19.804753
-0.1497469,50.8453169,E06000043,44,3508,31235.0,35.4,11.025587,14.884485999999999,10.339440499999998,15.875898000000001,1.4738268,20.408858000000002
-1.075614,50.8036831,E06000044,35,5327,24884.0,33.9,13.213224,21.359121,8.8209,18.101809000000003,2.8897664999999995,31.675248
-1.404189,50.9025349,E06000045,39,5065,23961.0,32.2,10.3177922,24.544592,7.3112921,14.633811000000003,2.871123,38.672284000000005
-1.3328043,50.6710825,E06000046,13,373,23418.0,50.1,8.246204899999999,7.431828999999999,13.554466,12.943836000000001,0.8968355899999999,9.571687099999998
-1.75,54.666667,E06000047,160,237,26634.0,43.5,6.033100500000001,5.734912199999999,5.1401094,9.5391365,0.8921987300000002,7.2482203
-2.2928803,53.1673422,E06000049,103,326,31067.0,46.2,6.7889721000000005,8.608928700000002,5.133789999999999,10.791557000000001,1.2835097,11.150360000000001
-2.7285361,53.1637979,E06000050,73,371,29183.0,44.4,6.423489999999999,6.6073813,6.40737,10.0441294,1.2264743,8.413502699999999
-2.7958679,52.6523393,E06000051,41,100,26455.0,47.4,6.878002,4.5074974,10.0866204,11.448956999999998,0.7634805100000001,5.6249027
-4.75,50.416667,E06000052,76,160,22887.0,47.2,6.0424697,5.1400562999999995,10.629639999999998,11.137944000000001,0.8257189699999999,6.4494969000000015
-6.2928791,49.9203409,E06000053,0,137,32110.0,48.0,4.9481459,3.9089489,10.364168000000001,8.587166700000001,0.49795464,4.8621471000000005
-1.916667,51.25,E06000054,89,153,29483.0,44.6,7.902180400000001,6.110295400000001,13.969995,11.684230000000001,0.51993504,7.761976199999999
-0.4675041,52.1363806,E06000055,32,360,28943.0,40.2,10.587698,14.592962,7.913419499999999,15.744936000000001,1.4550798,20.014753
-0.4791514,51.9980328,E06000056,61,396,32221.0,41.3,10.3542272,11.1673792,9.6450359,15.84262,1.5469156,14.870687999999998
-2.000559,55.25,E06000057,59,64,25438.0,48.0,5.079355600000001,3.8875708,3.0699431000000006,7.382213300000002,0.39700854999999996,4.8306673
-2.8043933,54.0604605,E07000004,30,221,33029.0,40.3,7.185645199999999,11.115414099999999,4.470125,10.4597526,1.3324588800000001,14.755891000000002
-0.6195159,54.4884388,E07000005,41,489,43497.0,45.1,6.911783699999999,7.0564619,7.342559499999998,11.0935947,0.8105221699999999,9.0425012
-0.58855,51.55964,E07000006,22,496,46937.0,44.8,10.398628,15.618631000000002,10.107496999999999,15.004933999999997,1.2795134,21.600329
-0.74934,51.62907,E07000007,36,538,37322.0,41.2,10.940237000000002,14.885444000000001,10.135089,15.747469999999998,1.3042394000000002,20.427654
0.1235817,52.2034823,E07000008,12,3090,36066.0,30.6,10.342817300000002,14.0398031,10.723327000000001,15.7755,1.3099645,19.208401000000002
0.2628939,52.3349886,E07000009,13,137,30966.0,43.0,9.728483399999998,7.196457,13.282910000000001,16.401757999999997,0.9174117900000001,9.226065700000001
0.0101577,52.56284,E07000010,14,186,25799.0,44.8,9.7234813,7.203679200000001,10.905031000000001,16.943409000000003,1.3493203999999999,9.250054
-0.2235779,52.371044,E07000011,18,196,33158.0,43.3,9.6933509,9.393191499999999,9.5884524,15.923307,1.01174296,12.245406
-0.0034368,52.179654,E07000012,12,175,38350.0,42.9,9.5571141,7.3911396,12.372800999999999,15.671176000000003,0.89220718,9.4888027
-3.252788,54.708881,E07000026,24,79,28789.0,47.8,4.7698073,4.101635,3.0095067,7.207602,0.54814907,5.103805100000001
-3.2289494,54.1113351,E07000027,27,861,27140.0,44.9,7.6728104,12.727399700000001,4.0888663,10.6241448,2.8608184999999997,17.7032027
-2.9362311,54.8948478,E07000028,31,104,23809.0,44.8,6.4412244,9.6188772,2.5603494,9.492552700000001,1.0809990800000002,12.620966999999998
-3.3311253,54.3876165,E07000029,18,94,31177.0,46.7,4.845371500000001,3.8871822000000003,3.4144277999999995,7.3139753999999995,0.6193820700000001,4.8296503
-2.6715222,54.6056481,E07000030,14,25,22359.0,50.3,5.136063900000002,5.2316422,3.5391999999999997,7.6420366,0.5995462400000001,6.5719099
-2.7713617,54.2720691,E07000031,63,68,27942.0,50.9,5.736073800000001,6.9430999,3.7705112000000005,9.133963999999999,0.63358659,8.833434999999998
-1.4625031,53.0290384,E07000032,31,477,28594.0,46.0,7.972406600000001,10.8315989,4.666616799999999,12.27071,1.5907661999999998,14.339093
-1.2912756,53.228666,E07000033,10,496,23373.0,44.0,8.032104999999998,10.750084000000001,4.3229535,13.752782999999999,1.8482894,14.182632000000002
-1.4264097,53.2352134,E07000034,17,1584,25376.0,44.5,7.491810900000002,13.857115000000002,3.6528513000000005,11.295952999999999,2.0965203000000003,18.940473
-1.6561733,53.1302876,E07000035,18,91,31252.0,50.8,6.504132199999999,6.5049385,4.626090499999999,10.460234600000001,1.3010309999999998,8.291103500000002
-1.3513172,52.9380048,E07000036,29,1053,25772.0,43.7,8.369129599999999,11.902981999999998,4.7215365,13.745463999999998,1.3558586,15.905189000000002
-1.8528746,53.3675462,E07000037,19,171,25908.0,45.9,5.598867199999999,6.021226200000001,3.9209425,8.156305599999998,1.0881767,7.639379500000001
-1.5239286,53.2226728,E07000038,31,367,25327.0,47.6,6.4299199,7.286495700000001,4.3030872,9.9897856,1.3036986000000002,9.342608
-1.5026362,52.8224616,E07000039,26,309,32936.0,42.2,8.118325,9.342942,5.2760869,13.535331,1.2621606,12.214542
-3.2215643,50.7568771,E07000040,8,177,25979.0,50.9,5.81499,4.4250547000000005,11.526021,9.7121842,0.53770678,5.5150696
-3.5269497,50.7255794,E07000041,16,2773,24395.0,33.7,7.470270099999999,10.824741600000001,9.880578699999997,11.277316500000001,1.32668385,14.314317400000002
-3.5997,50.8683922,E07000042,4,89,24840.0,46.5,5.6382026000000005,3.9930223,11.519217,9.4425973,0.51775786,4.9617107
-3.9239233,51.061456,E07000043,5,88,22084.0,47.6,5.8727802,4.0193632,10.420826,9.710872400000001,0.54846809,4.9923274
-3.8162499,50.3720603,E07000044,4,97,25262.0,51.2,5.139693899999999,4.296059099999999,11.593116,8.682319,0.45332187,5.3509954
-3.6559106,50.6125552,E07000045,11,197,23794.0,49.2,5.5653932,5.0744308,11.467825000000001,9.1772338,0.68785042,6.3619008
-4.2612056,50.8626014,E07000046,2,69,22622.0,50.2,5.6258022,3.6705805,10.872129999999999,9.702917500000002,0.48652055,4.5492059
-4.0743109,50.6519974,E07000047,5,48,23198.0,50.8,5.0035982,3.6461839000000005,11.638387,8.0422072,0.4541401199999999,4.515011100000001
0.2957854,50.7685761,E07000061,19,2336,26181.0,45.7,9.3773453,9.752461699999998,11.759843,13.624178,0.9145398100000002,12.8085308
0.5824703,50.8553888,E07000062,3,3124,22645.0,43.0,9.866739200000001,9.6733891,12.231186,14.291205000000001,1.0430827299999998,12.688274799999999
0.0051153,50.8746139,E07000063,21,352,27060.0,47.7,9.684653399999998,11.0909904,11.441548000000001,14.452569,0.97356447,14.678283000000002
0.5740666,50.9514121,E07000064,8,188,28719.0,52.8,8.899473300000002,7.3256061,13.173792,13.930496999999999,0.66833729,9.412833699999998
0.1972801,50.9421692,E07000065,23,192,28785.0,48.8,8.675820599999998,7.3738905,12.607567,13.149523000000002,0.8610467999999999,9.4789757
0.4757363,51.5754602,E07000066,63,1689,32954.0,39.3,10.804425000000002,18.189627999999995,10.8033665,16.026555000000002,1.4850599,25.881147999999996
0.5537161,51.8780637,E07000067,28,248,32889.0,43.5,10.2612966,11.672881200000003,11.992531,15.909494999999998,1.3252693,15.557248000000001
0.3018662,51.6201654,E07000068,30,500,40998.0,43.3,10.865376000000001,16.547782999999995,10.978728,16.589454,1.283558,23.031353
0.5839689,51.5444908,E07000069,27,1998,31942.0,46.9,9.8696977,14.451425,12.369333999999998,14.589595000000003,1.1561509,19.946812
0.4724553,51.7345398,E07000070,47,523,31884.0,41.7,10.893198000000002,15.820256,11.02043,16.397975,1.7456404000000003,21.969149
0.8994651,51.8896903,E07000071,26,585,32774.0,37.9,10.553736999999998,14.486958000000001,11.0917336,15.910501,1.4792759999999998,19.884129
0.054778,51.6651914,E07000072,65,387,35185.0,42.7,10.770344,16.199255,10.499471,16.411959,1.1097612799999999,22.466073999999995
0.0974893,51.7676194,E07000073,38,2836,28669.0,37.5,10.328424000000002,14.646809000000001,10.711955999999999,15.602346,1.2614583,20.052829
0.6843548,51.7155563,E07000074,13,180,34872.0,48.7,9.884882999999999,10.272147399999998,13.148023,15.939446999999998,1.20161058,13.584746
0.6787131,51.5840602,E07000075,26,513,32303.0,46.1,10.021089,13.535622,12.597711999999998,15.661922999999998,1.07304211,18.494540999999998
1.1128842,51.8753236,E07000076,37,432,24841.0,50.4,9.4568668,8.3853929,13.180653000000001,15.539169999999999,0.8853579500000001,10.871376000000001
0.2708365,51.9299895,E07000077,16,139,43669.0,44.0,9.6183207,9.283396,12.340784,15.836572999999998,0.98511803,12.146906999999999
-2.0711559,51.8995685,E07000078,37,2513,32972.0,40.2,9.7823787,12.648716600000002,8.4189213,14.347902999999999,1.4798453999999999,17.027794000000004
-1.8913308,51.845168,E07000079,14,76,31025.0,48.8,8.478378100000002,5.7545401,10.36799,13.764572999999999,0.7157270600000001,7.272568399999999
-2.5559861,51.8090013,E07000080,16,164,26008.0,47.9,7.747272499999999,5.5670709,10.158138,11.573183,1.1165501,7.018078699999999
-2.2458192,51.8653705,E07000081,31,3188,25840.0,38.9,9.8998636,13.924984999999998,8.050503099999998,14.741140999999999,1.7663360999999997,18.981825
-2.2198605,51.745424,E07000082,21,258,28761.0,46.4,8.793628599999998,9.326788400000002,9.7886224,13.003305000000001,1.3319817,12.165969
-2.156017,51.9925394,E07000083,22,223,,44.7,8.6695742,9.213754300000002,8.9272931,13.293085,1.1121896100000002,12.0031656
-1.2211073,51.2587797,E07000084,41,277,33830.0,41.0,8.8966473,8.721378600000001,13.97597,14.168392,0.66297759,11.354077
-0.9656368,51.0401277,E07000085,22,235,40919.0,46.9,8.7581483,8.076171400000002,13.750857,13.543663,1.2558075,10.450329999999997
-1.3602724,50.9573881,E07000086,17,1653,28543.0,42.2,10.7409269,19.573991000000003,9.8977684,15.478222000000002,1.8705449,28.221622000000004
-1.1783134,50.8526637,E07000087,40,1567,33102.0,46.3,10.5771411,16.889872999999998,10.8429516,15.240264999999999,2.3192516000000003,23.667041
-1.1210853,50.7952074,E07000088,22,3363,25507.0,42.2,10.0079637,19.420024,9.502710500000001,14.180713,1.8669096,28.767978999999997
-0.892799,51.2761671,E07000089,20,447,41808.0,43.4,9.3058363,11.320300699999999,12.440316,13.777085,0.9705586199999999,15.045449999999999
-0.9821263,50.8519351,E07000090,30,2272,27619.0,45.8,10.6436537,17.112756,10.3279584,15.094778999999999,1.7601818999999999,24.206259
-1.5779646,50.8575514,E07000091,27,239,27106.0,50.4,8.2879533,8.9320178,13.501277000000002,12.030216999999999,0.8401164600000002,11.628505
-0.7693917,51.2752389,E07000092,14,2437,33288.0,38.3,9.9326381,13.147770999999997,11.556709,14.147054,1.3883642,17.817997
-1.5182864,51.1337904,E07000093,15,199,32490.0,44.9,8.4999448,8.0586544,14.446883000000003,13.252569,0.71932901,10.434156
-1.3131692,51.0612766,E07000094,22,188,,43.4,9.902787799999997,14.594964,12.065175,14.645713,1.09658612,19.941687
-0.0190782,51.7465723,E07000095,37,1883,35279.0,40.1,10.250508700000001,13.800899999999999,10.842063,15.414835,1.1131381,18.7203
-0.551551,51.7689541,E07000096,44,726,34227.0,40.6,9.7233982,10.8799886,10.832738999999998,14.573329999999999,0.9363779799999999,14.408080000000002
-0.2681113,51.6808298,E07000098,74,1030,38523.0,40.7,10.419127,15.103082,10.251200100000002,15.678256999999997,1.08339455,20.760393
-0.2230509,51.9568649,E07000099,20,355,33290.0,42.1,10.1532783,12.778805999999998,10.267244999999999,16.11146,0.9804339900000001,17.173255
-0.4738013,51.6701376,E07000102,25,1048,44711.0,41.8,10.503364999999999,16.238475,9.6982745,15.885116000000002,0.82349506,22.394609
-0.3957425,51.6553875,E07000103,38,4515,32829.0,36.7,11.186909,18.448045,9.068045699999999,16.200933,1.3078189,26.124575000000004
0.8722566,51.148555,E07000105,17,223,29591.0,41.9,10.751593,14.322888999999998,11.862994,16.145902,1.6453384,19.589059
1.0802533,51.2800275,E07000106,30,533,28993.0,38.0,10.2879434,12.450438000000002,12.714795,15.437059,1.2369864000000002,16.761355000000002
0.21807,51.4443059,E07000107,29,1508,32715.0,37.3,12.671152000000001,22.581093000000003,8.8504795,18.579904000000003,2.0691171,33.327713
1.3134228,51.1251275,E07000108,24,371,27654.0,46.4,9.283006400000001,12.445722,12.340554999999998,13.666799999999999,0.8813749699999999,16.870737
0.3961726,51.3972369,E07000109,28,1074,28460.0,39.6,10.4452832,15.548435999999999,11.900027000000001,15.951770999999999,1.1054197000000001,21.583543
0.5231646,51.2748258,E07000110,24,432,30868.0,41.4,11.33407,15.634395000000001,11.785025000000001,16.441622000000002,1.5625265,21.634813
0.1961166,51.2745218,E07000111,32,326,40393.0,44.1,9.8675435,11.530703999999998,12.743179000000001,14.459581,0.94315715,15.365028999999998
1.0060721,51.0577484,E07000112,16,316,26383.0,46.9,8.9702158,8.0479912,13.734235000000002,14.437153,0.7317314100000001,10.419863000000001
0.8013698,51.3367451,E07000113,33,397,28864.0,41.3,9.684783300000001,10.3783762,13.786667,15.119131,1.05943072,13.737560000000002
1.3319866,51.3533046,E07000114,31,1372,22388.0,44.7,9.4693485,10.397689,12.992172,15.369600999999998,0.9082363499999999,13.786715999999998
0.3566598,51.2717306,E07000115,17,543,36707.0,42.3,9.357242099999999,10.399302,13.393377999999998,13.878188999999997,0.9019634700000001,13.737099
0.2673446,51.1371483,E07000116,14,356,36271.0,43.0,10.3658395,11.374523700000001,12.293687000000002,14.852274999999997,1.20106854,15.161566999999996
-2.2439196,53.7907262,E07000117,20,800,23695.0,39.9,8.038453999999998,13.086267900000001,4.064852,11.4627556,1.7059665,17.706813000000004
-2.261966,53.3084928,E07000118,17,576,27728.0,43.4,6.521403000000001,10.1926946,4.394794,9.7727779,1.2711071999999999,13.410908999999998
-2.8942601,53.7933622,E07000119,16,481,32034.0,50.1,6.8352074,9.761126999999998,4.9217112,10.983877,1.3352815599999999,12.773518000000001
-2.3900549,53.7607317,E07000120,11,1107,25439.0,39.7,8.1531324,12.82756,4.159001600000001,11.923051000000003,1.6712675999999997,17.248556999999998
-2.7990345,54.0484068,E07000121,24,250,27394.0,39.7,7.381377800000001,11.313467499999998,4.449226899999999,10.771044700000001,1.35111041,15.038447999999999
-2.1717795,53.8790402,E07000122,21,540,27708.0,39.7,6.671892,8.343641100000001,4.7790488,9.5685891,1.2361235000000002,10.804211399999998
-2.6992717,53.7593363,E07000123,25,997,24298.0,35.2,8.114275699999999,13.641234,4.3019607,11.970218,1.6524282,18.463375
-2.422856,53.9026441,E07000124,6,103,32436.0,47.9,5.871634200000001,5.773517700000001,5.1869038000000005,8.6376488,0.82483742,7.299906399999999
-2.2614398,53.6848806,E07000125,5,514,26771.0,42.5,6.700124300000001,9.0732921,4.390093899999999,9.8903131,1.3091639000000002,11.800511
-2.7330066,53.7271527,E07000126,16,979,26452.0,44.3,7.1073914,9.599592099999999,4.8277758,11.164619,1.1694134999999999,12.523161999999997
-2.8565713,53.6109397,E07000127,30,329,28809.0,44.4,7.3310162000000005,8.434174600000002,5.1907431,12.650083,1.5372105999999999,10.947778699999997
-2.8389532,53.9000859,E07000128,12,394,24317.0,49.5,6.2798827,6.315036999999999,5.3170502,10.4496938,0.80040751,8.013238099999999
-1.1646389,52.5731976,E07000129,14,770,28477.0,43.0,9.398952699999999,13.556571,3.9655639999999996,14.569436000000001,1.2947569,18.396489000000003
-1.1370833,52.7392639,E07000130,30,655,27129.0,38.5,9.104736800000001,13.694956,4.174631799999999,14.328624999999999,1.8437166,18.689423
-0.9200445,52.5385689,E07000131,14,156,33651.0,46.1,8.589987,7.8112756,4.0134597,13.804368999999998,0.80703188,10.085513299999999
-1.417191,52.608409,E07000132,18,378,25750.0,45.0,8.347461800000001,8.6530044,5.597409400000001,13.673196999999998,1.1095116999999999,11.25171
-0.8592867,52.8117106,E07000133,14,106,24053.0,47.1,8.3378857,7.203048699999999,4.912903300000001,14.000905,0.93997896,9.2460974
-1.3965047,52.7704201,E07000134,27,366,28006.0,43.9,8.6505131,10.720986100000001,4.974944,14.061201999999998,1.8414785999999999,14.164932000000002
-1.0997802,52.5870666,E07000135,18,2425,23642.0,42.7,9.3275054,13.037680999999997,3.8307437,14.192509999999999,1.2464252,17.682745999999998
-0.0239836,52.9770408,E07000136,10,190,21573.0,41.8,9.5184516,12.190581,7.553796800000001,15.386458999999999,1.4489261,16.464751
0.0127758,53.2680103,E07000137,12,80,23634.0,52.0,8.661045500000002,8.415366600000002,7.664979700000001,15.652247999999997,0.7252815100000001,10.960846
-0.5392172,53.2336301,E07000138,6,2775,22664.0,33.5,9.563768400000003,13.542678,5.4767413,15.596692999999998,1.7085057,18.535261
-0.4473539,53.0725292,E07000139,19,126,28639.0,46.1,8.924143400000002,7.9292394999999996,6.434896499999999,16.195458000000002,0.96356159,10.258637
-0.0012628,52.8127195,E07000140,12,125,25558.0,46.2,9.454010399999998,8.1675474,8.625842,16.438921,1.01409916,10.5739563
-0.4951925,52.8502665,E07000141,12,150,25972.0,46.2,8.7778288,7.1225922000000015,6.1275966,15.458568,0.8203280900000001,9.1421749
-0.5035288,53.3977285,E07000142,5,82,27685.0,47.9,8.9344725,8.1436393,6.437581800000001,16.244099999999996,1.1337251000000002,10.566749999999999
0.7590358,52.5903063,E07000143,11,107,23143.0,46.4,9.4034464,6.6933411000000005,11.516794,15.979686000000004,0.7262731,8.5530648
1.2564875,52.6928977,E07000144,13,234,26363.0,48.0,9.4708456,9.4754409,9.880372699999999,15.494778000000002,0.9815357499999999,12.423319
1.7314845,52.6071742,E07000145,16,570,21918.0,45.7,9.864456,19.402542999999998,8.030482000000003,14.415764999999999,1.3685038100000002,29.414189
0.4348749,52.7131627,E07000146,32,106,24498.0,47.4,9.7674029,8.2669646,10.647008,16.568682,1.0747628800000002,10.7110415
1.1276598,52.835652,E07000147,13,109,21427.0,53.8,9.1490346,7.26652,9.077341700000002,15.820883,0.82706557,9.3405997
1.29227,52.628606,E07000148,1,3617,25987.0,33.3,10.567116,15.67663,8.914201000000002,15.797127,1.4206377,21.767669
1.3661678,52.5169106,E07000149,11,152,28675.0,46.2,9.330795599999998,7.701824600000002,12.364633000000001,15.911634999999995,0.8647184899999999,9.935545800000002
-0.7032713,52.4877341,E07000150,8,882,22986.0,37.4,9.2471387,11.520945000000001,3.6282106,14.048667,1.1136349099999998,15.375839000000003
-1.1639791,52.2646852,E07000151,16,128,31238.0,45.1,9.3009717,10.609009599999998,5.718414900000001,14.198220999999998,1.5805983000000001,14.027686999999997
-0.833333,52.25,E07000152,27,184,32021.0,44.6,10.296183099999999,14.468785000000002,5.113169600000001,16.102105,1.07946481,19.716413999999997
-0.728004,52.3994233,E07000153,16,434,27304.0,41.2,10.377742799999998,16.571680999999998,3.5855336,15.896916,1.3943344000000002,23.258172000000005
-0.8963907,52.2381355,E07000154,49,2787,27777.0,37.2,10.653191,17.325823000000003,4.709371,16.722068,1.4215557,24.464074999999998
-0.833333,52.25,E07000155,13,146,33455.0,45.2,10.296183099999999,14.468785000000002,5.113169600000001,16.102105,1.07946481,19.716413999999997
-0.6937309,52.30189,E07000156,11,487,23647.0,41.9,10.211822,13.16222,5.1192366,16.150095999999998,1.2500575,17.800439
-2.1615124,54.053753,E07000163,20,48,,50.1,5.6776933,4.6019425,5.5714128,8.204434299999999,0.64394021,5.757979300000001
-1.4368783,54.2504584,E07000164,18,70,27639.0,49.4,7.1574539,5.9157971,6.614901699999999,12.472502000000002,0.85314601,7.4832333
-1.5391039,53.9921491,E07000165,35,123,32191.0,47.0,7.1756871,11.061337400000001,5.186312099999999,10.673964999999999,1.0978651,14.689810999999997
-1.9849525,54.3574047,E07000166,7,40,24638.0,43.9,5.527687800000001,4.1415121,5.2863411,7.979173500000002,0.5294119,5.1595294
-0.8614246,54.1984242,E07000167,6,36,27708.0,50.0,7.213952999999999,5.156197400000001,7.687223800000001,12.564823,0.8302956800000001,6.4873308
-0.4011868,54.2820009,E07000168,17,133,22600.0,49.7,7.4492203,8.868412500000002,6.962020999999998,11.803758999999998,1.10598081,11.5473635
-1.0990407,53.785097,E07000169,8,149,32728.0,44.6,8.1117181,8.398647700000001,5.7101915,14.189043000000002,1.4279503999999998,10.893163300000001
-1.2518767,53.0897738,E07000170,37,1161,25083.0,42.1,8.4180182,13.33314,4.3590808,13.543185000000003,1.9156385,18.098289
-0.9616604,53.349452,E07000171,10,183,24794.0,45.6,8.8716471,9.0156892,5.1014295,15.635263999999998,1.6118291,11.776149
-1.2170642,52.9782566,E07000172,24,1414,32044.0,43.2,9.3950481,17.756092000000002,3.8896802999999998,14.663648,1.7475041,24.967459999999996
-1.1071169,53.0260538,E07000173,31,982,29166.0,44.0,8.813404299999998,11.651613000000001,4.7745403,14.918923000000001,1.5158999999999998,15.545033
-1.1973365,53.1447678,E07000174,33,1419,21600.0,42.1,8.5082244,14.491803,4.1530876999999995,13.163788,2.1309624,19.868636000000002
-0.9443018,53.108954,E07000175,24,187,27586.0,45.2,8.755099999999999,8.1105704,5.3886375,15.959993,1.1616487,10.493518999999997
-1.0110622,52.9125011,E07000176,17,288,36684.0,43.9,8.9137833,9.4633138,5.035304200000001,15.747087000000002,1.2555295000000002,12.374080000000001
-1.2262941,51.9747169,E07000177,28,253,31298.0,41.1,9.5760611,10.4119044,8.959880100000001,15.453202999999998,0.88483523,13.709843999999999
-1.2578499,51.7520131,E07000178,22,3384,30401.0,29.0,10.602193,16.120843999999998,9.163640699999998,15.678663,1.2886245,22.594844000000002
-1.0804708,51.6366088,E07000179,23,207,40886.0,44.3,9.257534799999998,8.8402162,12.095106999999999,13.987896000000001,0.7854380399999998,11.528481
-1.4857035,51.654201,E07000180,51,232,35462.0,42.6,9.0199695,7.5270212,12.304047999999998,14.190850000000001,0.7469144700000001,9.6868932
-1.5121274,51.8403629,E07000181,27,154,28948.0,44.4,8.861330799999998,6.4335314000000015,11.113693000000001,13.706866999999999,0.8452777100000001,8.194735099999999
-2.5419221,51.1943905,E07000187,7,155,25863.0,46.6,8.0167869,6.178544700000001,11.214842,12.359193000000001,0.85746083,7.8218786
-2.9684212,51.1868339,E07000188,11,218,26472.0,46.5,7.688114000000001,9.6641727,9.552185099999999,12.215062999999999,0.96504752,12.5824763
-2.7761562,50.9843053,E07000189,12,175,23211.0,47.2,7.3631671,4.8547766999999995,11.685854999999998,11.650062999999998,0.87155556,6.0750603
-1.9784348,52.7069197,E07000192,32,1269,25444.0,42.6,8.2378354,10.7898962,6.383807,12.350286,1.5565002999999997,14.255214999999998
-1.9030802,52.8878642,E07000193,36,306,26344.0,42.1,6.9929202,7.1513941,5.8427942999999996,10.880509,0.9255678799999998,9.152386700000001
-1.8243992,52.68064,E07000194,39,314,36357.0,46.3,8.4745747,12.063153999999999,5.9699874,12.989139,1.3214345,16.082438000000003
-2.2273919,53.0117627,E07000195,27,614,24887.0,41.9,7.9022030999999995,13.74539,4.9556303999999995,12.199670000000001,1.5271808,18.6336
-2.2591648,52.6047717,E07000196,37,275,30398.0,47.7,7.6126542,6.762991799999999,8.3788569,12.54158,1.03597053,8.6141799
-2.1163818,52.8063157,E07000197,21,227,28083.0,45.2,7.9782028,11.983991,6.2038892,12.043454,1.3002557,15.982206000000001
-1.9742007,53.0715567,E07000198,17,171,26212.0,48.2,6.3948675999999995,7.1949821,5.0339112,9.4947575,1.0651162,9.2197896
-1.6948438,52.6345819,E07000199,26,2485,25739.0,41.2,9.0045727,14.403019999999998,5.3797339,13.801213999999998,1.522317,19.723768
0.9122242,52.0629754,E07000200,12,154,36313.0,48.5,9.5345837,7.397037399999999,12.841154,15.880561,0.8183810000000001,9.514468400000002
1.1526345,52.0579495,E07000202,30,3480,24883.0,37.8,10.893449,14.723230000000001,10.677261600000001,16.217853,1.5611350999999998,20.298458999999998
1.0451343,52.2347618,E07000203,16,118,27972.0,47.6,9.6237849,7.543862899999999,12.827114,16.428467,0.8624656399999999,9.718706100000002
-2.1474369,52.308409,E07000207,40,1437,47817.0,42.7,8.135205199999998,8.5131815,8.337626199999999,13.195598999999998,1.0702137999999999,11.0115339
-0.2673817,51.3363098,E07000208,40,2345,,41.5,11.111439999999998,15.318141,10.669284000000001,15.787716,1.4651382000000002,21.106890999999997
-0.5732063,51.2356068,E07000209,19,546,39178.0,37.5,10.3455091,14.574467000000002,10.9811282,14.934929999999998,1.3133650000000001,19.982291
-0.334729,51.2201281,E07000210,38,338,39720.0,47.1,9.8760692,11.2180087,11.963750999999998,14.455000000000002,1.05568674,14.917614
-0.1864682,51.2516404,E07000211,80,1144,42621.0,41.4,10.715803,16.469585000000002,10.3077614,15.924102,1.1168953900000003,22.816399
-0.5519609,51.3948374,E07000212,22,1128,34344.0,38.0,10.6889649,19.038977,9.2548864,15.50773,1.4909434999999998,27.151501000000007
-0.4592861,51.4250347,E07000213,34,2213,32146.0,41.7,11.212389000000002,18.081148000000002,9.523491900000002,16.050293,1.8578777,25.732068999999996
-0.6916534,51.335889,E07000214,10,935,41945.0,43.8,10.424282100000001,14.642458000000001,10.948479800000001,14.836023,1.3417797999999999,20.073708
-0.0344318,51.2393372,E07000215,23,353,40378.0,44.2,9.852334099999998,12.616632,11.6931549,14.977485999999999,0.93579076,16.974821
-0.6233216,51.158323,E07000216,25,364,44350.0,44.6,9.116137,9.045927,12.821138999999999,13.41101,0.9825472599999999,11.789124
-0.5564726,51.3201891,E07000217,13,1591,35379.0,40.8,10.740497999999999,14.090442,11.069624000000001,15.109212000000003,1.4993623999999999,19.212867999999997
-1.6296344,52.561361,E07000218,19,228,28676.0,45.6,8.4572013,11.128128,5.8977837,13.255162000000002,1.1936119,14.752129
-1.4677392,52.5010313,E07000219,45,1633,25406.0,41.4,9.539696300000001,14.862438000000001,4.919039100000001,14.551445999999999,1.5206458,20.424363
-1.2620038,52.3726682,E07000220,15,305,31943.0,41.3,9.570394500000003,13.171670200000003,4.9845311,14.655344,1.2816945,17.886829
-1.6358077,52.161709,E07000221,28,130,34261.0,48.1,8.5810362,6.8877213,8.0987178,13.539134,1.05636638,8.8021139
-1.5815742,52.2814519,E07000222,29,504,36839.0,39.8,9.248593799999998,13.894361999999997,6.1398600000000005,13.981868,1.14255659,18.898997
-0.2939887,50.8453169,E07000223,4,1523,26670.0,45.5,9.650927,11.916134000000001,11.353438,14.359791000000001,0.9746545299999999,15.951188999999996
-0.5667059,50.8312375,E07000224,14,723,27380.0,49.4,9.166021,9.1268195,12.479758,14.029478000000001,0.92128035,11.912453000000001
-0.7831144,50.8446771,E07000225,22,154,29877.0,48.9,9.928186700000001,11.8730656,11.928113000000002,14.529399000000002,1.7313794000000002,15.938309999999998
-0.1801094,51.1103444,E07000226,21,2500,27167.0,37.2,10.941235,16.123662000000003,10.1483448,15.699438999999998,1.6355569000000003,22.720043999999998
-0.3295028,51.0630273,E07000227,26,268,35637.0,46.1,10.0447065,11.1948858,11.834807999999999,14.590763,1.21999365,14.895244
-0.1273113,51.0053398,E07000228,41,448,36282.0,43.7,9.4908444,9.377343399999999,12.189279,14.087437,0.9333325899999998,12.249627
-0.3699697,50.8115402,E07000229,9,3383,30228.0,44.8,10.230536400000002,12.1840395,11.3049713,14.545395000000003,1.31290692,16.406734
-2.0532018,52.3390519,E07000234,37,455,32175.0,45.5,8.8646404,13.936762000000002,6.890192000000001,13.620133,1.2886900000000001,18.848603
-2.3311425,52.1675343,E07000235,14,135,26325.0,50.5,7.874117,5.8241849000000006,8.906796799999999,13.010724,0.9906703799999999,7.357881999999999
-1.9417444,52.3057655,E07000236,17,1567,23406.0,40.1,8.642065800000001,11.852770999999999,7.2636956,12.935027,1.2927794000000001,15.760238999999999
-2.2206585,52.1911849,E07000237,13,3062,26961.0,38.3,8.872908200000001,11.8226168,7.6828040999999985,13.391685999999998,1.4131649000000002,15.790446
-2.0623137,52.1803417,E07000238,31,192,28504.0,48.0,8.0272402,6.6407805,8.7935732,12.733897,0.91286413,8.4514092
-2.2347966,52.3850592,E07000239,32,517,25626.0,46.5,8.6081771,11.112359900000001,7.847973999999999,12.958165,1.4701423999999998,14.726346000000001
-0.3422526,51.7492956,E07000240,36,914,52906.0,40.9,10.573934999999999,15.706825,9.715358,15.693035,1.0679689600000002,21.638913000000002
-0.2095171,51.7731055,E07000241,39,948,31020.0,35.4,10.5723525,16.070964,9.728958500000001,15.968388000000001,1.1851045,22.225994999999998
0.012485,51.8656789,E07000242,34,311,45546.0,42.6,9.592596799999999,9.583104,11.823426999999999,15.203947000000003,0.88225427,12.539169
-0.2013368,51.9035099,E07000243,4,3379,29805.0,38.1,10.4266729,17.170508000000005,9.0286572,15.747182999999998,1.184319,24.141038
-2.4300367,53.5782863,E08000001,62,2041,24501.0,38.8,8.928920100000001,19.750429999999998,3.1095979,13.107296999999999,2.6219181000000003,28.408498
0.7125173,52.2460367,E08000002,51,1911,27123.0,40.4,10.431402299999998,12.529554599999999,11.1161706,16.494102,1.2337592800000001,16.877840000000003
-2.2451148,53.4794892,E08000003,106,4735,25239.0,30.0,8.6891718,25.412645999999995,2.0997918,13.380661,2.3850158,39.08791599999999
-2.1147831,53.5415797,E08000004,75,1655,23601.0,37.1,8.6732873,19.349643000000004,2.8871747,12.880071000000001,2.3273569000000003,27.689143
-2.1557561,53.6153659,E08000005,71,1391,24755.0,38.1,8.232309599999999,17.182215000000003,3.2144942999999997,12.164359999999999,1.9612978,24.111815999999997
-2.2891921,53.4877463,E08000006,137,2617,24908.0,35.0,9.0232326,22.153442000000002,2.5871599,13.418279000000002,2.9287846,32.869529
-2.160243,53.407901,E08000007,100,2315,30372.0,42.5,8.9898207,20.995895,2.7404222,13.206551,2.1195825,30.488985999999993
-2.0770212,53.4786454,E08000008,75,2183,23571.0,40.2,8.6514489,18.800725,2.8926334,12.529759000000002,2.5721186000000005,26.920690999999998
-2.3592972,53.418936,E08000009,46,2229,36338.0,40.6,7.727355300000001,14.219158000000002,3.9327126,11.602485999999999,2.0495506,19.385825000000004
-2.6264624,53.5457188,E08000010,52,1733,25597.0,42.2,7.799002300000001,14.177818000000002,4.1612556,11.681756,1.7567929000000002,19.350478
-2.8546852,53.4552358,E08000011,24,1729,25101.0,39.6,8.6083893,15.828593000000001,4.3185066,13.240367,2.1136199,21.869967
-2.99168,53.4071991,E08000012,213,4424,25557.0,34.7,8.4927414,23.095462000000005,3.2699759999999998,12.620023999999999,3.3753748999999997,34.919035
-2.7343231,53.4535471,E08000013,35,1320,25877.0,43.0,8.5124498,16.710060000000002,3.9636920000000004,12.502799,2.4031478,23.468744
-2.9714708,53.5034122,E08000014,89,1777,25897.0,46.4,7.843487900000001,11.8386465,4.950480600000001,12.348927999999999,1.5806312999999999,15.834673
-3.0500916,53.3409714,E08000015,116,2058,26766.0,44.3,7.2424599999999995,10.1227486,5.8842725,11.600578,1.4166554999999998,13.285352
-1.4827755,53.5527719,E08000016,55,745,25394.0,42.5,7.634396199999999,13.251501999999999,3.6131818999999994,11.709394,2.0903275999999997,17.927878
-1.1335312,53.5227681,E08000017,35,547,24590.0,41.3,8.779832200000001,16.598485,3.7860217000000005,13.857812000000001,1.8549493,23.213808
-1.355187,53.4310417,E08000018,55,924,24152.0,42.1,8.396104300000001,19.854006000000002,2.8590254,12.706694,3.0590517999999998,28.900032999999997
-1.4702278,53.3806626,E08000019,115,1583,25706.0,35.4,7.7724801,19.432647999999997,2.7455815999999995,11.806542,2.6841189,28.123089
-1.6131572,54.9738474,E08000021,66,2646,28350.0,32.4,7.1934414,20.452407,2.6728197999999996,11.245497,1.2888794000000001,29.591967
-1.508256,55.0297994,E08000022,27,2502,27296.0,43.4,6.944969800000001,14.230577,3.4313705999999997,11.391079000000001,1.10241486,19.371694
-1.4476805,54.9698743,E08000023,31,2334,25656.0,43.5,7.0344746,15.970373,3.4896956,11.025825,1.4303696,22.29277
-1.3828727,54.9058512,E08000024,114,2018,23743.0,42.2,7.0911691,16.356762999999997,3.7009320000000003,11.162952,1.2374587,22.823845999999996
-1.9026911,52.4796992,E08000025,501,4262,26332.0,32.6,10.527839,27.679560999999996,3.0217246,16.073359000000004,2.4661374999999994,43.649408
-1.510477,52.4081812,E08000026,106,3718,27628.0,32.1,10.653060199999999,21.114116000000003,4.1627607,15.817791999999997,1.7950800999999998,31.004161
-2.0816813,52.5110832,E08000027,120,3273,25792.0,42.1,10.2322432,19.22338,5.423111,15.038477,2.5521464,27.558346999999998
-2.0135624,52.5151278,E08000028,139,3826,23451.0,36.5,10.905681000000001,24.758895000000003,3.8900436,16.221322,3.3044959999999994,37.76413
-1.7768935,52.4130189,E08000029,82,1205,33596.0,43.3,9.280080899999998,17.814183,5.3242862,13.825249,1.4140532,25.062294
-1.9822687,52.5847949,E08000030,136,2725,22988.0,38.2,10.722569000000002,21.093944999999998,4.621976600000001,16.053269999999998,2.7302694,30.838557
-2.127567,52.5847651,E08000031,142,3773,23714.0,37.7,9.7361492,20.571122000000003,4.9985454,14.572029000000004,2.5271767,30.105620000000005
-1.7519186,53.7944229,E08000032,103,1466,25263.0,36.2,9.420531200000001,20.794409,2.9698339,13.762563,2.3007884,30.371567
-1.9622886,53.7204748,E08000033,36,577,25656.0,42.2,6.4700874,8.3228209,4.3205299,9.4122585,1.2222876,10.7718206
-1.7809433,53.6422635,E08000034,85,1074,25982.0,39.4,8.2412255,16.293179000000002,3.2320416,11.970874,2.2862251000000002,22.94973
-1.5437941,53.7974185,E08000035,133,1430,27571.0,35.4,9.663974200000002,24.452646,2.594054,14.497491,2.2257390999999997,37.047005
-1.4967286,53.6829541,E08000036,94,1019,24190.0,41.8,7.997834299999999,16.082406999999996,3.5626115,12.21901,1.8205961000000002,22.390004999999995
-1.6019294,54.9625789,E08000037,62,1423,24462.0,41.3,7.250143800000001,20.216062,2.7698305000000003,11.278341000000001,1.3610186,29.198301000000004
-0.0919983,51.5156177,E09000001,3,2998,56829.0,41.0,13.129781,42.994726,0.1288364,20.461437,2.7707911,79.95499199999999
0.1505043,51.5541171,E09000002,95,5871,27104.0,32.3,12.531868999999999,20.979722000000002,9.3737945,18.390475000000002,2.1052272,30.744644
-0.2002261,51.65309,E09000003,227,4520,37872.0,37.0,10.71439,16.81193,9.8129364,15.859146999999998,1.1488882,23.540091000000004
0.150488,51.4416793,E09000004,98,4082,34243.0,38.8,11.410897,19.136484,10.172034900000002,16.931606,1.5376922,27.37829
-4.5112377,50.3332211,E09000005,255,7652,30990.0,35.3,5.4143438999999995,3.7301544,11.269774000000002,9.3569024,0.48463509,4.6243837999999995
0.0148142,51.4028046,E09000006,129,2205,42970.0,40.6,11.092929999999999,18.300722999999998,10.1467985,16.328063,1.3614167,26.018491
-0.1395604,51.5423045,E09000007,81,12035,59681.0,33.9,12.794839,33.686620999999995,3.1392320999999996,19.988272,2.1972239,56.579259
-0.101957,51.3713049,E09000008,222,4455,34732.0,37.4,11.826889999999999,21.096473999999994,8.6780767,17.541347000000002,1.4583291999999997,30.847824999999993
-0.3051952,51.5126553,E09000009,177,6157,38361.0,36.7,12.205794000000001,26.895145000000003,6.012115800000001,18.375163,1.7191503999999997,41.92414199999999
-2.9609095,53.4308358,E09000010,181,4130,31556.0,36.1,10.313332800000001,18.941528999999996,3.9431503,14.537562,2.9012937999999995,27.041956
-0.0045417,51.4820845,E09000011,112,6046,41664.0,34.7,12.464265000000001,27.903548,5.846049300000002,18.956348,1.9257718999999998,44.023153
-0.0493621,51.5432402,E09000012,122,14681,34129.0,33.0,12.985415999999997,30.656378,4.6241956,20.315177000000002,2.0790186000000004,49.276101
-0.2236401,51.4920377,E09000013,87,11308,52965.0,34.8,12.667052,29.784946,4.8468902,19.379907,1.6886040999999998,47.633169
-0.1054101,51.5879298,E09000014,153,9143,35201.0,35.4,12.520790000000002,25.028101999999997,7.028749300000001,19.019013,1.7891250000000003,37.87642999999999
-0.3373046,51.5968271,E09000015,197,4957,35683.0,38.0,11.327975,19.669961000000004,8.7455337,16.65269,1.4205107,28.461204
-0.1443071,51.5443858,E09000016,122,2295,32382.0,39.2,12.560744000000001,32.251637,3.7965764000000006,19.543552,2.0674716,53.499317
-0.4483349,51.5425193,E09000017,143,2635,30167.0,35.9,11.314748,20.749029999999998,8.4135821,16.624721,1.5221118,30.132209
-0.3613471,51.4686132,E09000018,106,4837,32699.0,36.0,11.831464999999998,23.253959000000002,7.523679799999999,17.474262,1.8188896999999997,34.904135
-0.0999051,51.5384287,E09000019,77,16097,53343.0,32.1,13.067027999999999,34.868113,2.7934033,20.557191,2.2795554999999994,59.565794000000004
-0.1990432,51.4984804,E09000020,74,12884,,39.4,12.859444,33.317221,3.2007619999999997,20.022293,1.7720520999999998,55.29608399999999
-0.3062621,51.4096275,E09000021,37,4709,41573.0,37.2,11.225347000000001,20.460773,8.717246300000001,16.439096,1.4986326,29.806605
-0.117287,51.5013012,E09000022,141,12156,42092.0,33.1,13.072121,41.973377000000006,0.5308771,20.230541999999996,2.6030111000000002,77.35384400000001
-0.0101331,51.4624325,E09000023,152,8636,35379.0,35.0,12.526352,24.839974,7.316300699999999,18.842284,1.7510852,37.444354999999995
-0.1880971,51.4108698,E09000024,102,5480,45195.0,37.1,12.481750000000002,22.24031,8.150523699999999,18.327209,1.7901468999999999,32.91570700000001
0.029318,51.5299995,E09000025,168,9723,28129.0,31.9,13.634467,28.536618999999995,5.7498656,20.70404,2.2979122,44.698918000000006
0.0454097,51.5763203,E09000026,157,5386,34970.0,35.5,12.791808,27.840925,6.0515572,19.532277999999998,1.7986982,43.25958
-0.3076394,51.4405529,E09000027,64,3430,58327.0,40.7,11.144654000000001,20.079254999999996,8.837469500000001,16.307371,1.4325951,29.153875999999997
-0.103458,51.5029222,E09000028,136,10992,37769.0,33.4,13.082913999999999,41.036425,0.8022228,20.333460999999996,2.4778148,74.84286999999999
-0.1736269,51.3574644,E09000029,74,4665,33941.0,39.2,11.019392,17.291845000000002,10.0274676,16.077207,1.2874693,24.364964
1.2986686,51.1288633,E09000030,105,16057,45798.0,31.3,9.8213163,11.506426899999997,12.694512999999999,14.416563,1.05511733,15.414922999999998
-0.0288406,51.5631866,E09000031,116,7130,32167.0,34.9,12.771716000000001,26.589347999999994,6.4101275,19.415378,2.0687073,41.212911000000005
-0.1932607,51.4570271,E09000032,112,9528,57605.0,33.9,12.287374,25.708447999999997,6.7472139,18.598633,1.6457144,39.164051
-0.1265398,51.5004439,E09000033,102,11883,77504.0,36.1,13.097636,40.83812400000001,0.8666812,20.318126999999997,2.6092212000000004,74.406284
-1.64156,52.79514,W06000001,2,98,24531.0,47.9,8.698013800000002,14.031441000000004,4.7734881,13.104533,1.7785257,19.429829
-4.2650823,53.1469769,W06000002,18,49,22021.0,43.2,6.386757600000001,4.9337424,7.0279824999999985,9.760629600000001,0.88853449,6.1792936
-2.952211,53.4200675,W06000003,8,104,22986.0,49.4,9.9762037,19.092998,3.9168136000000002,14.188068000000001,2.7656947,27.302163999999998
-0.70312,52.16045,W06000004,11,114,22801.0,46.6,9.5437458,9.067824400000003,7.687268399999999,14.961366000000002,1.01425624,11.810053
-0.70312,52.16045,W06000005,26,356,25172.0,43.9,9.5437458,9.067824400000003,7.687268399999999,14.961366000000002,1.01425624,11.810053
-2.0207813,52.5819733,W06000006,7,270,26537.0,42.2,10.888831999999999,22.297755,4.511775900000001,16.303663999999998,2.7360366,32.741304
-4.0517037,52.496519,W06000008,4,41,22844.0,46.1,5.8993915999999995,3.783008,8.660690200000001,8.9896874,0.5439627499999999,4.6943219
-5.0722362,52.0070271,W06000009,10,77,23793.0,48.0,6.3088147,3.2223731,6.537863,10.3491432,0.38417094,3.9772432
-3.7798213,51.9058938,W06000010,17,79,24919.0,46.3,6.173214199999999,3.4332374999999997,8.4270362,9.4810467,0.55921647,4.245667499999999
-3.4421354,51.0883101,W06000011,43,649,25743.0,39.6,5.7568696,3.6704049999999997,10.888689000000001,9.319085800000002,0.43065208000000005,4.548016199999999
-3.7813523,51.5931167,W06000012,21,324,24157.0,43.3,8.0941255,12.027603899999999,6.878381,12.75086,2.0000606000000003,16.121093
-2.9291085,54.5218016,W06000013,29,578,25969.0,43.2,4.7974044,4.0295806999999995,3.5025863,6.946272899999999,0.46197634,5.0122881999999995
-0.3326361,51.5239393,W06000014,29,399,30443.0,43.7,12.066534999999998,24.985003000000003,6.796508800000001,18.027479,1.7782958999999998,38.166855
-2.1357384,51.9896896,W06000015,106,2585,28702.0,33.6,9.352117200000002,12.285377,8.1753785,14.836756000000003,1.09900126,16.518942
-0.70312,52.16045,W06000016,72,566,24457.0,40.6,9.5437458,9.067824400000003,7.687268399999999,14.961366000000002,1.01425624,11.810053
-3.2208487,51.5745432,W06000018,67,653,24514.0,41.6,8.3175942,11.175391300000001,8.1953125,12.626202,1.7538068,14.77697
-4.0267858,51.8064141,W06000019,22,641,21564.0,42.9,6.9649479,5.0523221,7.1541436,10.950285,1.2708895099999997,6.333542099999999
-0.70312,52.16045,W06000020,33,740,25755.0,42.4,9.5437458,9.067824400000003,7.687268399999999,14.961366000000002,1.01425624,11.810053
-2.7687559,51.481873,W06000021,25,111,32558.0,48.6,8.1899105,9.7948243,9.4388856,12.382244,1.4657947999999998,12.792953999999998
-1.3163556,50.6913105,W06000022,61,805,24974.0,38.8,8.870632,8.5776118,13.130471,13.383170999999999,1.2290980699999998,11.1694098
-3.2429661,50.6827535,W06000023,18,26,22421.0,49.9,5.9663258,5.0821601,11.397849000000003,9.4989782,0.60752224,6.3718284999999995
-3.3786183,51.7490624,W06000024,15,540,23889.0,40.5,8.0046964,8.5183032,8.4053716,12.056064000000001,1.7973132,11.010964400000002
