,Code,deaths,X2018.people.per.sq..km,Mean_ann_earnings,median_age_2018,pm25_5yAvg,no2_5yAvg,o3_5yAvg,pm10_5yAvg,nox_5yAvg,cases,earnings_5ya.x,pop_dens_5ya,age_5ya.x,earnings_5ya.y,age_5ya.y,earnings_5ya,age_5ya,Area code,Cumulative lab-confirmed cases
0,E06000001,20,997,25985,41.8,7.617911500000001,14.359226000000001,2.8111393,11.625292,20.20684,79,24887.4,992,41.8,24887.4,41.8,24887.4,41.8,E06000001,79
1,E06000001,20,997,25985,41.8,7.617911500000001,14.359226000000001,2.8111393,11.625292,20.20684,79,24887.4,992,41.8,24887.4,41.8,24887.4,41.8,E06000001,79
2,E06000002,60,2608,22878,36.2,8.3422855,20.537653,2.2409465,12.522083,30.628742,272,21543.4,2601,36.4,21543.4,36.4,21543.4,36.4,E06000002,272
3,E06000002,60,2608,22878,36.2,8.3422855,20.537653,2.2409465,12.522083,30.628742,272,21543.4,2601,36.4,21543.4,36.4,21543.4,36.4,E06000002,272
4,E06000003,26,558,23236,45.0,7.7480735,8.440612699999999,3.7957471,12.845976,11.273613099999999,158,22960.2,555,44.7,22960.2,44.7,22960.2,44.7,E06000003,158
5,E06000003,26,558,23236,45.0,7.7480735,8.440612699999999,3.7957471,12.845976,11.273613099999999,158,22960.2,555,44.7,22960.2,44.7,22960.2,44.7,E06000003,158
6,E06000004,26,962,26622,40.4,8.0381799,16.408541,2.6702927000000005,12.169144000000001,23.435384,199,24847.8,957,40.3,24847.8,40.3,24847.8,40.3,E06000004,199
7,E06000004,26,962,26622,40.4,8.0381799,16.408541,2.6702927000000005,12.169144000000001,23.435384,199,24847.8,957,40.3,24847.8,40.3,24847.8,40.3,E06000004,199
8,E06000005,14,540,26908,43.1,7.3687135999999995,12.552449000000001,2.7638065,11.199637,17.361185,125,25761.8,539,42.6,25761.8,42.6,25761.8,42.6,E06000005,125
9,E06000005,14,540,26908,43.1,7.3687135999999995,12.552449000000001,2.7638065,11.199637,17.361185,125,25761.8,539,42.6,25761.8,42.6,25761.8,42.6,E06000005,125
10,E06000006,28,1624,26328,41.0,9.2717799,18.1869,1.8881689999999998,13.474782999999999,26.517709999999997,199,25255.6,1614,40.8,25255.6,40.8,25255.6,40.8,E06000006,199
11,E06000006,28,1624,26328,41.0,9.2717799,18.1869,1.8881689999999998,13.474782999999999,26.517709999999997,199,25255.6,1614,40.8,25255.6,40.8,25255.6,40.8,E06000006,199
12,E06000007,41,1160,29842,42.2,8.9828525,18.181892,1.7346130000000002,13.09167,26.436852000000002,336,28355.0,1156,41.7,28355.0,41.7,28355.0,41.7,E06000007,336
13,E06000007,41,1160,29842,42.2,8.9828525,18.181892,1.7346130000000002,13.09167,26.436852000000002,336,28355.0,1156,41.7,28355.0,41.7,28355.0,41.7,E06000007,336
14,E06000008,18,1087,22198,36.3,8.01833,13.6235929,2.0643814999999996,11.889377,19.114973000000003,158,21399.0,1084,36.0,21399.0,36.0,21399.0,36.0,E06000008,158
15,E06000008,18,1087,22198,36.3,8.01833,13.6235929,2.0643814999999996,11.889377,19.114973000000003,158,21399.0,1084,36.0,21399.0,36.0,21399.0,36.0,E06000008,158
16,E06000009,20,3997,21181,43.5,8.327269,12.1277659,2.3671485,11.749527,16.666887,149,20022.2,4013,43.4,20022.2,43.4,20022.2,43.4,E06000009,149
17,E06000009,20,3997,21181,43.5,8.327269,12.1277659,2.3671485,11.749527,16.666887,149,20022.2,4013,43.4,20022.2,43.4,20022.2,43.4,E06000009,149
18,E06000010,21,3648,20562,35.6,10.4394511,21.723093,2.2726851000000003,15.850195999999999,33.243922,123,20224.0,3626,35.8,20224.0,35.8,20224.0,35.8,E06000010,123
19,E06000010,21,3648,20562,35.6,10.4394511,21.723093,2.2726851000000003,15.850195999999999,33.243922,123,20224.0,3626,35.8,20224.0,35.8,20224.0,35.8,E06000010,123
20,E06000012,13,833,24119,42.4,9.5845867,14.123219,3.3394409,15.346354999999999,20.00759,73,22755.8,830,42.2,22755.8,42.2,22755.8,42.2,E06000012,73
21,E06000012,13,833,24119,42.4,9.5845867,14.123219,3.3394409,15.346354999999999,20.00759,73,22755.8,830,42.2,22755.8,42.2,22755.8,42.2,E06000012,73
22,E06000013,9,203,25417,44.1,9.417597,13.473132000000001,2.9525316000000004,14.901643,19.052475,104,25715.0,202,43.7,25715.0,43.7,25715.0,43.7,E06000013,104
23,E06000013,9,203,25417,44.1,9.417597,13.473132000000001,2.9525316000000004,14.901643,19.052475,104,25715.0,202,43.7,25715.0,43.7,25715.0,43.7,E06000013,104
24,E06000014,27,772,25786,37.6,8.4994771,15.798079999999999,2.7839461,12.794625,22.595381,126,25720.0,763,37.9,25720.0,37.9,25720.0,37.9,E06000014,126
25,E06000014,27,772,25786,37.6,8.4994771,15.798079999999999,2.7839461,12.794625,22.595381,126,25720.0,763,37.9,25720.0,37.9,25720.0,37.9,E06000014,126
26,E06000015,98,3296,28529,36.9,11.319608,23.654536,1.6736213,16.338931,36.757534,353,26950.4,3276,36.7,26950.4,36.7,26950.4,36.7,E06000015,353
27,E06000015,98,3296,28529,36.9,11.319608,23.654536,1.6736213,16.338931,36.757534,353,26950.4,3276,36.7,26950.4,36.7,26950.4,36.7,E06000015,353
28,E06000016,65,4843,20734,31.6,11.439728,25.634194,1.76392198,16.711135000000002,40.799562,371,21017.0,4761,31.8,21017.0,31.8,21017.0,31.8,E06000016,371
29,E06000016,65,4843,20734,31.6,11.439728,25.634194,1.76392198,16.711135000000002,40.799562,371,21017.0,4761,31.8,21017.0,31.8,21017.0,31.8,E06000016,371
30,E06000017,2,104,24740,47.0,9.1773209,8.7885813,3.4863004999999996,14.105359,11.885162,10,27093.0,102,46.1,27093.0,46.1,27093.0,46.1,E06000017,10
31,E06000017,2,104,24740,47.0,9.1773209,8.7885813,3.4863004999999996,14.105359,11.885162,10,27093.0,102,46.1,27093.0,46.1,27093.0,46.1,E06000017,10
32,E06000018,49,4437,22898,29.7,11.358995,26.225827000000002,1.5512344,16.701681,42.113788,294,22435.2,4359,30.1,22435.2,30.1,22435.2,30.1,E06000018,294
33,E06000018,49,4437,22898,29.7,11.358995,26.225827000000002,1.5512344,16.701681,42.113788,294,22435.2,4359,30.1,22435.2,30.1,22435.2,30.1,E06000018,294
34,E06000019,18,88,24950,47.0,8.697208900000001,6.3357757,3.9056394999999995,13.816851000000002,8.322226299999999,102,23989.0,87,46.4,23989.0,46.4,23989.0,46.4,E06000019,102
35,E06000019,18,88,24950,47.0,8.697208900000001,6.3357757,3.9056394999999995,13.816851000000002,8.322226299999999,102,23989.0,87,46.4,23989.0,46.4,23989.0,46.4,E06000019,102
36,E06000020,20,612,23856,39.4,8.4282,9.204616,3.5940513999999997,13.306339000000001,12.423963,130,23612.4,602,39.3,23612.4,39.3,23612.4,39.3,E06000020,130
37,E06000020,20,612,23856,39.4,8.4282,9.204616,3.5940513999999997,13.306339000000001,12.423963,130,23612.4,602,39.3,23612.4,39.3,23612.4,39.3,E06000020,130
38,E06000021,31,2738,24502,37.7,9.576287400000002,20.184143,1.8476429,14.135829999999999,29.960794,189,22669.0,2718,37.9,22669.0,37.9,22669.0,37.9,E06000021,189
39,E06000021,31,2738,24502,37.7,9.576287400000002,20.184143,1.8476429,14.135829999999999,29.960794,189,22669.0,2718,37.9,22669.0,37.9,22669.0,37.9,E06000021,189
40,E06000022,34,555,30783,38.2,8.5415668,7.3768917,3.383924,12.987733,9.798867199999998,124,29150.2,543,39.1,29150.2,39.1,29150.2,39.1,E06000022,124
41,E06000022,34,555,30783,38.2,8.5415668,7.3768917,3.383924,12.987733,9.798867199999998,124,29150.2,543,39.1,29150.2,39.1,29150.2,39.1,E06000022,124
42,E06000023,62,4224,28065,32.5,10.3732913,22.242587,2.0065333,15.395295999999998,33.728871000000005,324,26717.8,4157,32.9,26717.8,32.9,26717.8,32.9,E06000023,324
43,E06000023,62,4224,28065,32.5,10.3732913,22.242587,2.0065333,15.395295999999998,33.728871000000005,324,26717.8,4157,32.9,26717.8,32.9,26717.8,32.9,E06000023,324
44,E06000024,19,572,29897,45.9,8.1887902,9.3774493,3.0408202,12.285081,12.674347000000001,118,28927.4,567,45.5,28927.4,45.5,28927.4,45.5,E06000024,118
45,E06000024,19,572,29897,45.9,8.1887902,9.3774493,3.0408202,12.285081,12.674347000000001,118,28927.4,567,45.5,28927.4,45.5,28927.4,45.5,E06000024,118
46,E06000025,52,569,27813,40.7,9.3327132,12.396116000000001,3.0532315,14.316492000000002,17.163776000000002,211,27319.2,560,41.1,27319.2,41.1,27319.2,41.1,E06000025,211
47,E06000025,52,569,27813,40.7,9.3327132,12.396116000000001,3.0532315,14.316492000000002,17.163776000000002,211,27319.2,560,41.1,27319.2,41.1,27319.2,41.1,E06000025,211
48,E06000026,21,3296,25021,38.3,8.7849109,16.255571,2.4538333999999997,13.583175,23.503161,142,23104.4,3282,38.1,23104.4,38.1,23104.4,38.1,E06000026,142
49,E06000026,21,3296,25021,38.3,8.7849109,16.255571,2.4538333999999997,13.583175,23.503161,142,23104.4,3282,38.1,23104.4,38.1,23104.4,38.1,E06000026,142
50,E06000027,16,2159,21710,48.6,7.7017872,8.653213699999998,3.1591667,11.787385,11.5293348,98,20644.2,2143,47.9,20644.2,47.9,20644.2,47.9,E06000027,98
51,E06000027,16,2159,21710,48.6,7.7017872,8.653213699999998,3.1591667,11.787385,11.5293348,98,20644.2,2143,47.9,20644.2,47.9,20644.2,47.9,E06000027,98
52,E06000030,41,965,28230,39.8,10.979766,17.249419,3.3251288999999997,15.910032999999999,25.012232,169,27242.0,954,39.5,27242.0,39.5,27242.0,39.5,E06000030,169
53,E06000030,41,965,28230,39.8,10.979766,17.249419,3.3251288999999997,15.910032999999999,25.012232,169,27242.0,954,39.5,27242.0,39.5,27242.0,39.5,E06000030,169
54,E06000031,17,585,26233,36.5,10.510034,17.841085,3.2052036,15.600054,26.071132000000002,109,25633.2,574,36.1,25633.2,36.1,25633.2,36.1,E06000031,109
55,E06000031,17,585,26233,36.5,10.510034,17.841085,3.2052036,15.600054,26.071132000000002,109,25633.2,574,36.1,25633.2,36.1,25633.2,36.1,E06000031,109
56,E06000032,74,4939,24830,34.2,11.193166,19.858235999999998,3.2438307,16.141619,29.611396000000003,380,24725.8,4927,33.5,24725.8,33.5,24725.8,33.5,E06000032,380
57,E06000032,74,4939,24830,34.2,11.193166,19.858235999999998,3.2438307,16.141619,29.611396000000003,380,24725.8,4927,33.5,24725.8,33.5,24725.8,33.5,E06000032,380
58,E06000033,67,4370,31343,41.6,10.911258199999999,16.513998,3.9335940000000003,15.427715,23.91461,215,29394.8,4342,41.4,29394.8,41.4,29394.8,41.4,E06000033,215
59,E06000033,67,4370,31343,41.6,10.911258199999999,16.513998,3.9335940000000003,15.427715,23.91461,215,29394.8,4342,41.4,29394.8,41.4,29394.8,41.4,E06000033,215
60,E06000034,41,1055,28130,36.9,11.253006,17.502938,3.7656311000000002,17.121420999999998,25.394671,191,27465.2,1033,36.9,27465.2,36.9,27465.2,36.9,E06000034,191
61,E06000034,41,1055,28130,36.9,11.253006,17.502938,3.7656311000000002,17.121420999999998,25.394671,191,27465.2,1033,36.9,27465.2,36.9,27465.2,36.9,E06000034,191
62,E06000035,63,1436,29819,38.1,11.076428,15.632535999999998,3.9793192000000004,16.014656,22.469889000000002,382,28155.2,1428,37.9,28155.2,37.9,28155.2,37.9,E06000035,382
63,E06000035,63,1436,29819,38.1,11.076428,15.632535999999998,3.9793192000000004,16.014656,22.469889000000002,382,28155.2,1428,37.9,28155.2,37.9,28155.2,37.9,E06000035,382
64,E06000036,23,1112,32838,39.1,10.322391699999999,14.579104000000001,3.8610629000000003,14.664123000000002,20.579763,113,32732.6,1099,38.7,32732.6,38.7,32732.6,38.7,E06000036,113
65,E06000036,23,1112,32838,39.1,10.322391699999999,14.579104000000001,3.8610629000000003,14.664123000000002,20.579763,113,32732.6,1099,38.7,32732.6,38.7,32732.6,38.7,E06000036,113
66,E06000037,37,225,35730,43.2,9.4913207,11.6869775,4.3048791,14.237860000000001,16.171674,158,33840.2,224,42.6,33840.2,42.6,33840.2,42.6,E06000037,158
67,E06000037,37,225,35730,43.2,9.4913207,11.6869775,4.3048791,14.237860000000001,16.171674,158,33840.2,224,42.6,33840.2,42.6,33840.2,42.6,E06000037,158
68,E06000038,42,4040,32470,34.4,11.391492999999999,22.39588,2.71842608,16.331692,35.232023999999996,197,30574.0,4013,34.1,30574.0,34.1,30574.0,34.1,E06000038,197
69,E06000038,42,4040,32470,34.4,11.391492999999999,22.39588,2.71842608,16.331692,35.232023999999996,197,30574.0,4013,34.1,30574.0,34.1,30574.0,34.1,E06000038,197
70,E06000039,42,4582,29197,34.8,11.713947000000001,25.026685999999998,2.5308067000000003,17.080285999999997,39.512506,230,27951.2,4536,34.1,27951.2,34.1,27951.2,34.1,E06000039,230
71,E06000039,42,4582,29197,34.8,11.713947000000001,25.026685999999998,2.5308067000000003,17.080285999999997,39.512506,230,27951.2,4536,34.1,27951.2,34.1,27951.2,34.1,E06000039,230
72,E06000040,47,768,43963,42.1,9.8643991,14.651691,3.8290535000000006,14.228024,20.810211,148,44560.6,762,41.6,44560.6,41.6,44560.6,41.6,E06000040,148
73,E06000040,47,768,43963,42.1,9.8643991,14.651691,3.8290535000000006,14.228024,20.810211,148,44560.6,762,41.6,44560.6,41.6,44560.6,41.6,E06000040,148
74,E06000041,39,939,41939,41.6,10.49741,17.017188,3.5429822,15.008447,24.931317,180,39149.4,920,41.5,39149.4,41.5,39149.4,41.5,E06000041,180
75,E06000041,39,939,41939,41.6,10.49741,17.017188,3.5429822,15.008447,24.931317,180,39149.4,920,41.5,39149.4,41.5,39149.4,41.5,E06000041,180
76,E06000042,79,870,31343,37.6,10.94886,16.077431,3.426346,16.428269,22.997111999999998,296,30298.8,862,37.0,30298.8,37.0,30298.8,37.0,E06000042,296
77,E06000042,79,870,31343,37.6,10.94886,16.077431,3.426346,16.428269,22.997111999999998,296,30298.8,862,37.0,30298.8,37.0,30298.8,37.0,E06000042,296
78,E06000043,44,3508,31235,35.4,10.838328,16.018829999999998,2.7058877,15.648712,22.840278,225,29463.4,3464,35.6,29463.4,35.6,29463.4,35.6,E06000043,225
79,E06000043,44,3508,31235,35.4,10.838328,16.018829999999998,2.7058877,15.648712,22.840278,225,29463.4,3464,35.6,29463.4,35.6,29463.4,35.6,E06000043,225
80,E06000044,35,5327,24884,33.9,12.677245,22.554212,2.7371082,17.639075,34.903586,170,24193.6,5268,33.9,24193.6,33.9,24193.6,33.9,E06000044,170
81,E06000044,35,5327,24884,33.9,12.677245,22.554212,2.7371082,17.639075,34.903586,170,24193.6,5268,33.9,24193.6,33.9,24193.6,33.9,E06000044,170
82,E06000045,39,5065,23961,32.2,10.8846389,27.829834,2.1337327,15.454614999999999,47.494359,257,23600.6,4999,32.4,23600.6,32.4,23600.6,32.4,E06000045,257
83,E06000045,39,5065,23961,32.2,10.8846389,27.829834,2.1337327,15.454614999999999,47.494359,257,23600.6,4999,32.4,23600.6,32.4,23600.6,32.4,E06000045,257
84,E06000046,13,373,23418,50.1,8.496919300000002,7.7468744,4.4185761,13.140457000000001,10.3814969,51,23700.2,370,49.1,23700.2,49.1,23700.2,49.1,E06000046,51
85,E06000046,13,373,23418,50.1,8.496919300000002,7.7468744,4.4185761,13.140457000000001,10.3814969,51,23700.2,370,49.1,23700.2,49.1,23700.2,49.1,E06000046,51
86,E06000047,160,237,26634,43.5,6.523122799999999,5.710016099999999,2.9289187,9.8711753,7.4387272,647,25391.2,235,43.4,25391.2,43.4,25391.2,43.4,E06000047,647
87,E06000047,160,237,26634,43.5,6.523122799999999,5.710016099999999,2.9289187,9.8711753,7.4387272,647,25391.2,235,43.4,25391.2,43.4,25391.2,43.4,E06000047,647
88,E06000049,103,326,31067,46.2,8.0153054,10.0742941,2.3774347000000002,12.252148,13.649505,408,30358.0,324,45.6,30358.0,45.6,30358.0,45.6,E06000049,408
89,E06000049,103,326,31067,46.2,8.0153054,10.0742941,2.3774347000000002,12.252148,13.649505,408,30358.0,324,45.6,30358.0,45.6,30358.0,45.6,E06000049,408
90,E06000050,73,371,29183,44.4,7.2666723,7.5207102,2.8662772000000003,10.976436999999999,9.9745381,422,28111.2,367,44.0,28111.2,44.0,28111.2,44.0,E06000050,422
91,E06000050,73,371,29183,44.4,7.2666723,7.5207102,2.8662772000000003,10.976436999999999,9.9745381,422,28111.2,367,44.0,28111.2,44.0,28111.2,44.0,E06000050,422
92,E06000051,41,100,26455,47.4,7.893527900000001,5.3620111,4.2120777,12.877853,6.972859,237,25800.0,99,46.6,25800.0,46.6,25800.0,46.6,E06000051,237
93,E06000051,41,100,26455,47.4,7.893527900000001,5.3620111,4.2120777,12.877853,6.972859,237,25800.0,99,46.6,25800.0,46.6,25800.0,46.6,E06000051,237
94,E06000052,76,160,22887,47.2,6.773380499999999,4.9872265,3.2994440000000003,11.698533,6.4358568,287,22008.4,158,46.6,22008.4,46.6,22008.4,46.6,E06000052,287
95,E06000052,76,160,22887,47.2,6.773380499999999,4.9872265,3.2994440000000003,11.698533,6.4358568,287,22008.4,158,46.6,22008.4,46.6,22008.4,46.6,E06000052,287
96,E06000054,89,153,29483,44.6,8.8128013,7.2671239000000005,4.5239560999999995,13.622236,9.702246800000001,236,27150.6,152,44.0,27150.6,44.0,27150.6,44.0,E06000054,236
97,E06000054,89,153,29483,44.6,8.8128013,7.2671239000000005,4.5239560999999995,13.622236,9.702246800000001,236,27150.6,152,44.0,27150.6,44.0,27150.6,44.0,E06000054,236
98,E06000055,32,360,28943,40.2,3.24960724,2.1549931,1.412330996,5.53599874,2.73893922,232,28242.8,355,40.0,28242.8,40.0,28242.8,40.0,E06000055,232
99,E06000055,32,360,28943,40.2,3.24960724,2.1549931,1.412330996,5.53599874,2.73893922,232,28242.8,355,40.0,28242.8,40.0,28242.8,40.0,E06000055,232
100,E06000056,61,396,32221,41.3,10.3931732,12.915947000000001,4.0803259,15.516103,18.081887,289,31588.0,389,41.3,31588.0,41.3,31588.0,41.3,E06000056,289
101,E06000056,61,396,32221,41.3,10.3931732,12.915947000000001,4.0803259,15.516103,18.081887,289,31588.0,389,41.3,31588.0,41.3,31588.0,41.3,E06000056,289
102,E06000057,59,64,25438,48.0,5.38475418,3.96859358,1.9859255,7.72358524,5.09170032,382,25817.4,64,47.3,25817.4,47.3,25817.4,47.3,E06000057,382
103,E06000057,59,64,25438,48.0,5.38475418,3.96859358,1.9859255,7.72358524,5.09170032,382,25817.4,64,47.3,25817.4,47.3,25817.4,47.3,E06000057,382
104,E07000008,12,3090,36066,30.6,10.383046,15.602426999999999,4.5102072,15.431303,22.370437,92,32830.2,3067,31.3,32830.2,31.3,32830.2,31.3,E07000008,92
105,E07000010,14,186,25799,44.8,9.0243468,9.412851199999999,4.9976177,13.238622,12.751213,69,24695.2,183,44.6,24695.2,44.6,24695.2,44.6,E07000010,69
106,E07000011,18,196,33158,43.3,9.9860841,11.0644487,4.5573043,15.712569,15.168489000000001,110,29970.8,194,42.8,29970.8,42.8,29970.8,42.8,E07000011,110
107,E07000012,12,175,38350,42.9,9.878589100000001,8.693337300000001,5.3755633000000005,15.448986999999999,11.704342,106,36589.0,173,42.5,36589.0,42.5,36589.0,42.5,E07000012,106
108,E07000026,24,79,28789,47.8,5.1649791,3.8748672999999996,1.9942924,7.6842048,4.9539791,125,26716.6,78,47.2,26716.6,47.2,26716.6,47.2,E07000026,125
109,E07000027,27,861,27140,44.9,8.6935803,12.5033575,2.0479448000000002,12.0178106,17.878201,393,24277.0,865,44.5,24277.0,44.5,24277.0,44.5,E07000027,393
110,E07000028,31,104,23809,44.8,7.20679246,10.49924286,1.66060986,10.31327192,14.29867296,229,22183.2,104,44.1,22183.2,44.1,22183.2,44.1,E07000028,229
111,E07000029,18,94,31177,46.7,3.24960724,2.1549931,1.412330996,5.53599874,2.73893922,117,30858.4,94,46.0,30858.4,46.0,30858.4,46.0,E07000029,117
112,E07000031,63,68,27942,50.9,6.360427,7.019504400000001,2.236009,9.740701800000002,9.2131413,317,26072.6,68,50.2,26072.6,50.2,26072.6,50.2,E07000031,317
113,E07000032,31,477,28594,46.0,9.623555099999999,13.133372,2.4887442,14.047264000000002,18.407579000000002,89,27857.8,473,45.4,27857.8,45.4,27857.8,45.4,E07000032,89
114,E07000033,10,496,23373,44.0,9.5175353,13.266738,2.3038656000000004,15.184342000000001,18.547698999999998,66,22090.6,491,43.6,22090.6,43.6,22090.6,43.6,E07000033,66
115,E07000034,17,1584,25376,44.5,3.24960724,2.1549931,1.412330996,5.53599874,2.73893922,109,23464.0,1584,44.0,23464.0,44.0,23464.0,44.0,E07000034,109
116,E07000035,18,91,31252,50.8,7.7188652,8.0453598,2.4820571,11.859425,10.785775,66,29063.0,91,49.8,29063.0,49.8,29063.0,49.8,E07000035,66
117,E07000037,19,171,25908,45.9,6.4905263,7.4803572,2.0398099999999997,9.2773691,9.972656599999999,80,26038.6,171,45.2,26038.6,45.2,26038.6,45.2,E07000037,80
118,E07000038,31,367,25327,47.6,7.648886,9.061729,2.3484287,11.374969,12.254583,115,24919.2,365,47.1,24919.2,47.1,24919.2,47.1,E07000038,115
119,E07000039,26,309,32936,42.2,9.7575521,10.993967,2.9479877,15.114071,15.111998000000002,121,29731.8,302,42.1,29731.8,42.1,29731.8,42.1,E07000039,121
120,E07000040,8,177,25979,50.9,7.0908916,4.6193122,3.3736462999999994,11.373261999999999,5.9540432,78,25277.0,174,50.5,25277.0,50.5,25277.0,50.5,E07000040,78
121,E07000041,16,2773,24395,33.7,8.487485099999999,11.1663687,2.9058971000000002,12.777247000000001,15.254382000000001,88,23810.0,2718,34.1,23810.0,34.1,23810.0,34.1,E07000041,88
122,E07000042,4,89,24840,46.5,7.0010136,3.7841164,3.3889833,11.292486,4.8376614,53,24544.2,88,46.0,24544.2,46.0,24544.2,46.0,E07000042,53
123,E07000043,5,88,22084,47.6,6.781428599999999,3.9850809000000003,3.2035848999999996,10.903416,5.1008236,23,21406.2,88,47.1,21406.2,47.1,21406.2,47.1,E07000043,23
124,E07000044,4,97,25262,51.2,6.4876111,4.0906034,3.453074,10.670891000000001,5.2414742,49,23993.6,96,50.5,23993.6,50.5,23993.6,50.5,E07000044,49
125,E07000045,11,197,23794,49.2,7.0030125,4.8114699,3.4328392,11.229416,6.2012168,50,22858.6,194,48.6,22858.6,48.6,22858.6,48.6,E07000045,50
126,E07000046,2,69,22622,50.2,6.744758,3.182322,3.3172266,11.197707000000001,4.039916000000001,8,21861.0,68,49.4,21861.0,49.4,21861.0,49.4,E07000046,8
127,E07000061,19,2336,26181,45.7,9.5527744,10.6692686,3.0593083,13.820395999999999,14.548035999999998,63,23872.6,2327,44.9,23872.6,44.9,23872.6,44.9,E07000061,63
128,E07000063,21,352,27060,47.7,9.7554344,12.058203500000001,3.0160911,14.530667000000001,16.572611,94,27978.8,349,47.2,27978.8,47.2,27978.8,47.2,E07000063,94
129,E07000066,63,1689,32954,39.3,11.392952000000001,18.167649,3.6872902,16.614669,26.518565000000002,221,31050.8,1673,39.5,31050.8,39.5,31050.8,39.5,E07000066,221
130,E07000067,28,248,32889,43.5,3.24960724,2.1549931,1.412330996,5.53599874,2.73893922,102,29742.6,247,43.0,29742.6,43.0,29742.6,43.0,E07000067,102
131,E07000068,30,500,40998,43.3,3.24960724,2.1549931,1.412330996,5.53599874,2.73893922,107,42520.0,500,43.3,42520.0,43.3,42520.0,43.3,E07000068,107
132,E07000069,27,1998,31942,46.9,10.321809,14.766062,4.1301228,14.892576000000002,21.016725,89,28422.0,2007,46.7,28422.0,46.7,28422.0,46.7,E07000069,89
133,E07000070,47,523,31884,41.7,11.519376,16.208225,3.9586031999999998,16.930769,23.179425,186,34181.8,517,41.6,34181.8,41.6,34181.8,41.6,E07000070,186
134,E07000071,26,585,32774,37.9,11.099725999999999,15.394256,3.9295470999999997,16.197012,21.933111,106,29549.8,574,38.1,29549.8,38.1,29549.8,38.1,E07000071,106
135,E07000072,65,387,35185,42.7,10.946900999999999,17.379737,3.7714663,16.301759,25.030891,235,36454.4,384,42.7,36454.4,42.7,36454.4,42.7,E07000072,235
136,E07000073,38,2836,28669,37.5,10.691811,15.491037,4.0120848,15.747967000000001,22.001154999999997,158,27280.8,2814,37.4,27280.8,37.4,27280.8,37.4,E07000073,158
137,E07000074,13,180,34872,48.7,10.695048,11.6340119,4.4732937999999995,16.152613,16.013231,54,35998.4,178,48.0,35998.4,48.0,35998.4,48.0,E07000074,54
138,E07000075,26,513,32303,46.1,10.762884,13.654380999999999,4.262447900000001,16.319810999999998,19.2474,83,31612.2,514,45.7,31612.2,45.7,31612.2,45.7,E07000075,83
139,E07000076,37,432,24841,50.4,10.1060267,9.0883916,4.6977376,15.808114999999999,12.221089,119,24359.8,428,50.0,24359.8,50.0,24359.8,50.0,E07000076,119
140,E07000077,16,139,43669,44.0,10.061199499999999,9.9835511,4.924046400000001,15.777565,13.559142999999999,79,40109.2,136,43.7,40109.2,43.7,40109.2,43.7,E07000077,79
141,E07000078,37,2513,32972,40.2,9.918287,14.306348999999999,3.2504543,14.312529000000001,20.231531,173,29782.8,2507,39.8,29782.8,39.8,29782.8,39.8,E07000078,173
142,E07000079,14,76,31025,48.8,8.870190800000001,6.5570799,4.0573302,13.822257999999998,8.657662199999999,77,28983.8,75,48.3,28983.8,48.3,28983.8,48.3,E07000079,77
143,E07000080,16,164,26008,47.9,8.1226083,6.1716458,3.7835082000000004,11.761135000000001,8.1014564,65,26139.0,163,47.4,26139.0,47.4,26139.0,47.4,E07000080,65
144,E07000081,31,3188,25840,38.9,10.022086,15.67164,3.0434718999999997,14.604373,22.461307,144,24307.2,3159,38.6,24307.2,38.6,24307.2,38.6,E07000081,144
145,E07000082,21,258,28761,46.4,9.1637619,10.616578599999999,3.5991186,13.194006,14.506387,111,29122.8,256,45.9,29122.8,45.9,29122.8,45.9,E07000082,111
146,E07000084,41,277,33830,41.0,9.249938199999999,9.1638706,4.8354456,14.314201999999998,12.441034,430,33562.6,276,40.7,33562.6,40.7,33562.6,40.7,E07000084,430
147,E07000085,22,235,40919,46.9,8.9174767,8.3576632,4.7283876,13.435123,11.231089,112,36411.2,233,46.3,36411.2,46.3,36411.2,46.3,E07000085,112
148,E07000086,17,1653,28543,42.2,10.6083821,18.907158,3.5024818999999994,15.34622,28.026491999999998,115,28511.6,1639,42.0,28511.6,42.0,28511.6,42.0,E07000086,115
149,E07000087,40,1567,33102,46.3,10.699672900000001,18.893767,3.4401412000000002,15.559204999999999,28.012382000000002,106,30949.2,1559,45.7,30949.2,45.7,30949.2,45.7,E07000087,106
150,E07000088,22,3363,25507,42.2,10.355404,22.297786,2.7791642000000003,14.747404000000001,35.360319,72,25691.2,3351,41.8,25691.2,41.8,25691.2,41.8,E07000088,72
151,E07000089,20,447,41808,43.4,3.24960724,2.1549931,1.412330996,5.53599874,2.73893922,83,38916.4,443,42.9,38916.4,42.9,38916.4,42.9,E07000089,83
152,E07000090,30,2272,27619,45.8,9.586805900000002,14.152813,3.7851217000000004,13.887806,20.127177,122,27242.4,2232,45.5,27242.4,45.5,27242.4,45.5,E07000090,122
153,E07000091,27,239,27106,50.4,8.422417800000002,9.3252266,4.5598805,12.222616,12.662196,135,26958.0,239,49.6,26958.0,49.6,26958.0,49.6,E07000091,135
154,E07000092,14,2437,33288,38.3,9.8273507,13.480369,3.8891023000000002,13.993820999999999,18.902288000000002,151,29942.4,2442,37.7,29942.4,37.7,29942.4,37.7,E07000092,151
155,E07000093,15,199,32490,44.9,8.7858634,8.307563,5.0421453000000005,13.433239000000002,11.231053,133,31460.4,196,44.6,31460.4,44.6,31460.4,44.6,E07000093,133
156,E07000095,37,1883,35279,40.1,10.280227,14.742436999999999,4.0681202,15.249975,20.74261,119,32874.4,1879,40.1,32874.4,40.1,32874.4,40.1,E07000095,119
157,E07000096,44,726,34227,40.6,9.7689412,11.692894500000001,4.1460475,14.327163,16.101761,172,35703.8,718,40.5,35703.8,40.5,35703.8,40.5,E07000096,172
158,E07000098,74,1030,38523,40.7,10.613794,16.625369,3.726365,15.592626000000001,23.845729000000002,252,35321.0,1026,40.4,35321.0,40.4,35321.0,40.4,E07000098,252
159,E07000099,20,355,33290,42.1,10.321385000000001,14.056329000000002,4.250129,15.861254,19.728870999999998,99,33933.2,353,41.8,33933.2,41.8,33933.2,41.8,E07000099,99
160,E07000103,38,4515,32829,36.7,11.012944000000001,19.558829,3.2907271000000002,15.816791,28.797299,198,33002.8,4499,36.1,33002.8,36.1,33002.8,36.1,E07000103,198
161,E07000105,17,223,29591,41.9,11.277621,14.479775,3.7999864000000003,16.675207,20.389283,160,28474.6,218,41.8,28474.6,41.8,28474.6,41.8,E07000105,160
162,E07000106,30,533,28993,38.0,10.839397,13.025307000000002,4.2144483,15.863589000000001,18.149476999999997,148,28754.4,525,38.2,28754.4,38.2,28754.4,38.2,E07000106,148
163,E07000107,29,1508,32715,37.3,12.390539,22.617026,3.0078758,18.139129,34.126917999999996,274,30525.0,1468,37.5,30525.0,37.5,30525.0,37.5,E07000107,274
164,E07000108,24,371,27654,46.4,9.8843864,14.014635,3.9706688999999997,14.296356,19.893886,85,25813.8,366,45.9,25813.8,45.9,25813.8,45.9,E07000108,85
165,E07000109,28,1074,28460,39.6,10.886708,15.129054,3.9667991999999996,16.246505,21.455689000000003,140,27008.2,1071,39.3,27008.2,39.3,27008.2,39.3,E07000109,140
166,E07000110,24,432,30868,41.4,11.719102000000001,16.014888,3.7436851000000004,16.810951,22.821353,152,30557.4,424,41.5,30557.4,41.5,30557.4,41.5,E07000110,152
167,E07000111,32,326,40393,44.1,10.2165619,12.369533,3.979659,14.829209,17.068558,129,41475.0,323,43.9,41475.0,43.9,41475.0,43.9,E07000111,129
168,E07000112,16,316,26383,46.9,9.6423459,8.075320699999999,4.373952,14.946872,10.763732000000001,80,26255.6,312,46.2,26255.6,46.2,26255.6,46.2,E07000112,80
169,E07000113,33,397,28864,41.3,10.129843,13.628723999999998,4.2531002,14.623429999999999,19.260254999999997,137,26513.8,390,41.5,26513.8,41.5,26513.8,41.5,E07000113,137
170,E07000114,31,1372,22388,44.7,10.237634199999999,10.330407199999998,4.527458599999999,15.968623000000001,14.079702,170,22004.0,1358,44.3,22004.0,44.3,22004.0,44.3,E07000114,170
171,E07000115,17,543,36707,42.3,9.9199545,10.3757451,4.2284939,14.399125,14.081485,101,35477.0,534,42.2,35477.0,42.2,35477.0,42.2,E07000115,101
172,E07000116,14,356,36271,43.0,10.510747,11.801035800000001,3.6215053,14.959357,16.239154,89,36367.6,355,42.4,36367.6,42.4,36367.6,42.4,E07000116,89
173,E07000117,20,800,23695,39.9,8.8651545,14.841911999999999,1.9863167000000002,12.477098,21.029763,100,23646.4,794,40.0,23646.4,40.0,23646.4,40.0,E07000117,100
174,E07000118,17,576,27728,43.4,9.011633900000001,15.684601,1.9790293,13.568832999999998,22.251993,128,25233.0,567,43.0,25233.0,43.0,25233.0,43.0,E07000118,128
175,E07000119,16,481,32034,50.1,7.597998599999999,10.4060525,2.4502208,11.740929,14.112058,69,28842.8,475,49.3,28842.8,49.3,28842.8,49.3,E07000119,69
176,E07000120,11,1107,25439,39.7,8.496740800000001,15.049188000000001,1.9872576000000002,12.447394000000001,21.260471,65,23059.6,1103,39.9,23059.6,39.9,23059.6,39.9,E07000120,65
177,E07000121,24,250,27394,39.7,3.24960724,2.1549931,1.412330996,5.53599874,2.73893922,481,26252.8,251,40.0,26252.8,40.0,26252.8,40.0,E07000121,481
178,E07000122,21,540,27708,39.7,7.1201836,9.4502235,2.4406555,10.1076964,12.755025999999999,79,25041.4,536,39.6,25041.4,39.6,25041.4,39.6,E07000122,79
179,E07000123,25,997,24298,35.2,8.3425108,15.439532999999999,2.0370426999999998,12.297666,21.879239000000002,157,23606.8,993,35.2,23606.8,35.2,23606.8,35.2,E07000123,157
180,E07000124,6,103,32436,47.9,6.3708317999999995,6.2485610000000005,2.6419096,9.1870519,8.1885755,43,31469.8,102,47.1,31469.8,47.1,31469.8,47.1,E07000124,43
181,E07000125,5,514,26771,42.5,7.2265972000000005,10.557919,2.1695307999999995,10.567473,14.359186,46,25508.2,509,42.2,25508.2,42.2,25508.2,42.2,E07000125,46
182,E07000126,16,979,26452,44.3,7.6042069,10.8294187,2.3577752,11.728199,14.7225,90,26826.2,973,43.8,26826.2,43.8,26826.2,43.8,E07000126,90
183,E07000127,30,329,28809,44.4,8.1955597,9.2144377,2.5140361,13.286535999999998,12.4083472,170,27033.6,327,44.1,27033.6,44.1,27033.6,44.1,E07000127,170
184,E07000128,12,394,24317,49.5,3.89174814,2.6605831,1.429549248,6.9333728,3.37835524,116,24286.2,391,48.8,24286.2,48.8,24286.2,48.8,E07000128,116
185,E07000129,14,770,28477,43.0,10.2119442,15.870884,2.8316552,15.287714999999999,22.759546,80,28003.6,755,43.1,28003.6,43.1,28003.6,43.1,E07000129,80
186,E07000130,30,655,27129,38.5,10.303407,15.553073999999999,2.7941931,15.507245000000001,22.354022,98,25849.6,642,38.8,25849.6,38.8,25849.6,38.8,E07000130,98
187,E07000131,14,156,33651,46.1,9.3149541,9.8713672,3.3334919000000003,14.226917000000002,13.486069,61,33931.0,154,45.5,33931.0,45.5,33931.0,45.5,E07000131,61
188,E07000132,18,378,25750,45.0,9.5840676,10.1458539,3.2828146,14.733703,13.846556,98,25293.0,372,44.7,25293.0,44.7,25293.0,44.7,E07000132,98
189,E07000133,14,106,24053,47.1,9.456926600000001,8.9690523,3.3899147000000003,14.861502999999999,12.1342,38,23213.4,106,46.2,23213.4,46.2,23213.4,46.2,E07000133,38
190,E07000134,27,366,28006,43.9,10.53115,12.54205,2.9951716,15.911361,17.429727,89,25631.6,356,43.7,25631.6,43.7,25631.6,43.7,E07000134,89
191,E07000135,18,2425,23642,42.7,10.0606786,15.605405,2.8200790000000002,14.763987,22.456092,59,22876.8,2403,42.9,22876.8,42.9,22876.8,42.9,E07000135,59
192,E07000136,10,190,21573,41.8,3.24960724,2.1549931,1.412330996,5.53599874,2.73893922,69,20173.4,187,42.1,20173.4,42.1,20173.4,42.1,E07000136,69
193,E07000137,12,80,23634,52.0,9.2660427,9.1349216,3.9292632000000003,15.652028,12.352491,65,23550.0,79,51.2,23550.0,51.2,23550.0,51.2,E07000137,65
194,E07000139,19,126,28639,46.1,9.774315699999999,9.3287095,3.4687974,16.468816,12.642422,94,26479.0,124,45.7,26479.0,45.7,26479.0,45.7,E07000139,94
195,E07000140,12,125,25558,46.2,9.8966279,12.881917199999998,4.6146346,14.064772,18.329473,55,24331.6,124,45.9,24331.6,45.9,24331.6,45.9,E07000140,55
196,E07000141,12,150,25972,46.2,9.6138735,8.7014101,3.6700565000000003,15.795781,11.742982000000001,77,26294.2,149,45.4,26294.2,45.4,26294.2,45.4,E07000141,77
197,E07000143,11,107,23143,46.4,9.581935000000001,7.816957899999999,5.266268599999999,15.493535000000001,10.437548,89,21829.6,105,45.8,21829.6,45.8,21829.6,45.8,E07000143,89
198,E07000144,13,234,26363,48.0,9.898942100000001,10.7809457,4.7336051,15.533349,14.775376000000001,76,24375.8,232,47.6,24375.8,47.6,24375.8,47.6,E07000144,76
199,E07000145,16,570,21918,45.7,10.4891346,16.568495000000002,3.8975665999999998,14.927307,24.66913,111,21479.8,568,45.0,21479.8,45.0,21479.8,45.0,E07000145,111
200,E07000146,32,106,24498,47.4,10.042760099999999,10.1619828,4.9086044,16.204705999999998,13.859126000000002,160,23317.0,105,46.7,23317.0,46.7,23317.0,46.7,E07000146,160
201,E07000147,13,109,21427,53.8,9.668937699999999,8.279963,4.865081299999999,15.777459,11.094444000000001,56,20872.4,108,53.1,20872.4,53.1,20872.4,53.1,E07000147,56
202,E07000148,1,3617,25987,33.3,11.113186,17.252489,3.9653211,16.063879999999997,25.073304999999998,78,24420.4,3573,33.6,24420.4,33.6,24420.4,33.6,E07000148,78
203,E07000149,11,152,28675,46.2,9.8403229,8.5639522,5.3235359,16.030877,11.494946,72,27186.8,149,46.0,27186.8,46.0,27186.8,46.0,E07000149,72
204,E07000150,8,882,22986,37.4,9.6900568,14.527601999999998,2.9482487999999996,14.205066,20.685425,47,22833.8,858,37.3,22833.8,37.3,22833.8,37.3,E07000150,47
205,E07000151,16,128,31238,45.1,9.6736437,12.1638318,3.3544832,14.172332,16.895745,68,31751.2,124,45.1,31751.2,45.1,31751.2,45.1,E07000151,68
206,E07000152,27,184,32021,44.6,9.4734474,9.699442800000002,3.6586538,14.666835999999998,13.206268,84,29254.0,181,44.0,29254.0,44.0,29254.0,44.0,E07000152,84
207,E07000153,16,434,27304,41.2,3.24960724,2.1549931,1.412330996,5.53599874,2.73893922,100,26343.2,426,41.1,26343.2,41.1,26343.2,41.1,E07000153,100
208,E07000154,49,2787,27777,37.2,11.312459,19.66451,2.6819202,17.133576,29.361289000000003,260,26521.4,2765,36.8,26521.4,36.8,26521.4,36.8,E07000154,260
209,E07000155,13,146,33455,45.2,9.3128265,8.3160304,4.0215197,14.288958,11.153478999999999,82,32248.4,144,44.9,32248.4,44.9,32248.4,44.9,E07000155,82
210,E07000156,11,487,23647,41.9,10.79627,15.505281,3.1046818,16.3624,22.172985,68,25940.8,481,41.8,25940.8,41.8,25940.8,41.8,E07000156,68
211,E07000164,18,70,27639,49.4,7.7540157999999995,6.668340299999999,3.6268909,12.795117999999999,8.7648561,98,26152.2,69,48.5,26152.2,48.5,26152.2,48.5,E07000164,98
212,E07000168,17,133,22600,49.7,8.2583226,10.1287084,3.8261995000000004,12.406868,13.74591,85,21689.4,133,48.9,21689.4,48.9,21689.4,48.9,E07000168,85
213,E07000169,8,149,32728,44.6,9.1211125,12.174028300000002,2.9369958,14.418023999999999,16.978258,42,28651.6,147,44.3,28651.6,44.3,28651.6,44.3,E07000169,42
214,E07000170,37,1161,25083,42.1,4.13760736,3.0250346,1.325921184,7.50008666,3.87725938,95,23409.8,1144,42.1,23409.8,42.1,23409.8,42.1,E07000170,95
215,E07000171,10,183,24794,45.6,9.677308,11.249064,2.72865,15.97695,15.545910000000001,85,24324.4,182,45.1,24324.4,45.1,24324.4,45.1,E07000171,85
216,E07000172,24,1414,32044,43.2,10.674894,20.008146,2.14857,15.985498000000002,29.665017,109,30635.8,1406,43.1,30635.8,43.1,30635.8,43.1,E07000172,109
217,E07000174,33,1419,21600,42.1,3.24960724,2.1549931,1.412330996,5.53599874,2.73893922,81,20980.8,1407,42.0,20980.8,42.0,20980.8,42.0,E07000174,81
218,E07000175,24,187,27586,45.2,9.9743482,9.8192974,2.9790647,16.732959,13.363538,87,25716.2,185,44.8,25716.2,44.8,25716.2,44.8,E07000175,87
219,E07000176,17,288,36684,43.9,10.4367991,11.253029,3.0743949,16.928387,15.494898999999998,90,34675.6,284,43.8,34675.6,43.8,34675.6,43.8,E07000176,90
220,E07000177,28,253,31298,41.1,9.9562153,11.833163,3.8808974999999997,15.528167000000002,16.335988,179,29596.6,250,40.8,29596.6,40.8,29596.6,40.8,E07000177,179
221,E07000178,22,3384,30401,29.0,10.662325,18.305772,3.1906534,15.544048000000002,27.148488,291,29763.2,3385,29.9,29763.2,29.9,29763.2,29.9,E07000178,291
222,E07000179,23,207,40886,44.3,9.401392900000001,9.613686,4.1927313999999996,13.892541,13.078413000000001,164,40011.4,206,43.8,40011.4,43.8,40011.4,43.8,E07000179,164
223,E07000180,51,232,35462,42.6,9.2817024,8.2158054,4.3960256,14.163289,11.038528,145,32882.2,225,42.7,32882.2,42.7,32882.2,42.7,E07000180,145
224,E07000181,27,154,28948,44.4,9.040846,7.3019099,4.2307193,13.558891000000001,9.7236099,121,30255.0,153,43.8,30255.0,43.8,30255.0,43.8,E07000181,121
225,E07000187,7,155,25863,46.6,8.589175599999999,7.2393265,3.1787673,12.921275,9.606862199999998,20,25179.4,153,45.9,25179.4,45.9,25179.4,45.9,E07000187,20
226,E07000188,11,218,26472,46.5,8.4573298,11.1966427,2.7907484,13.2253,15.298670999999999,77,25781.0,215,45.9,25781.0,45.9,25781.0,45.9,E07000188,77
227,E07000189,12,175,23211,47.2,8.1880541,5.8873844,3.285029,12.585442,7.711085099999999,55,22600.0,174,46.6,22600.0,46.6,22600.0,46.6,E07000189,55
228,E07000192,32,1269,25444,42.6,9.1036424,12.907457,2.9847767999999997,13.256596,17.986303,107,24538.2,1258,42.3,24538.2,42.3,24538.2,42.3,E07000192,107
229,E07000193,36,306,26344,42.1,8.256160000000001,8.7085594,2.8926008999999997,12.246886,11.700859,133,24736.0,303,41.9,24736.0,41.9,24736.0,41.9,E07000193,133
230,E07000195,27,614,24887,41.9,8.807635099999999,15.898776000000002,2.2040724,13.293013,22.691264,104,22826.0,607,42.0,22826.0,42.0,22826.0,42.0,E07000195,104
231,E07000196,37,275,30398,47.7,8.451,7.9715819,3.7268697,13.174496,10.628347,173,27995.2,274,47.1,27995.2,47.1,27995.2,47.1,E07000196,173
232,E07000197,21,227,28083,45.2,9.155713,14.210172,2.8142325,13.367598999999998,19.964419,88,27272.4,224,44.8,27272.4,44.8,27272.4,44.8,E07000197,88
233,E07000198,17,171,26212,48.2,7.626138,8.4151368,2.5558981,10.990658,11.278959,61,24923.6,171,47.5,24923.6,47.5,24923.6,47.5,E07000198,61
234,E07000199,26,2485,25739,41.2,4.13760736,3.0250346,1.325921184,7.50008666,3.87725938,105,24806.2,2491,40.9,24806.2,40.9,24806.2,40.9,E07000199,105
235,E07000200,12,154,36313,48.5,9.988608099999999,7.9578831999999995,5.1125834999999995,15.818975,10.608686,46,32564.0,153,47.7,32564.0,47.7,32564.0,47.7,E07000200,46
236,E07000202,30,3480,24883,37.8,11.567629,16.306526,4.0732284,16.649601,23.531670000000002,111,24221.6,3483,37.4,24221.6,37.4,24221.6,37.4,E07000202,111
237,E07000203,16,118,27972,47.6,10.181040300000001,8.2233424,5.3337517,16.684420000000003,10.995855,55,28820.0,117,46.8,28820.0,46.8,28820.0,46.8,E07000203,55
238,E07000207,40,1437,47817,42.7,8.9271719,9.954256800000001,3.6542654999999997,13.839651000000002,13.498510000000001,168,46842.2,1431,42.0,46842.2,42.0,46842.2,42.0,E07000207,168
239,E07000209,19,546,39178,37.5,10.2774316,15.663570000000002,3.6082187000000006,14.822975,22.401861,179,37871.8,541,37.7,37871.8,37.7,37871.8,37.7,E07000209,179
240,E07000210,38,338,39720,47.1,10.3021198,11.6671827,3.8559538,15.110876999999999,16.047074,144,38514.8,337,46.3,38514.8,46.3,38514.8,46.3,E07000210,144
241,E07000211,80,1144,42621,41.4,10.812777,17.754929999999998,3.2936665,16.012884,25.586707,287,38388.0,1129,41.2,38388.0,41.2,38388.0,41.2,E07000211,287
242,E07000212,22,1128,34344,38.0,10.6711982,20.784235,3.1713753,15.477610999999998,30.997996,93,33738.2,1110,38.7,33738.2,38.7,33738.2,38.7,E07000212,93
243,E07000213,34,2213,32146,41.7,10.86214,19.103888,3.2036342,15.57228,28.239201,99,33040.0,2204,41.6,33040.0,41.6,33040.0,41.6,E07000213,99
244,E07000214,10,935,41945,43.8,10.234419599999999,15.766502,3.722238,14.613626000000002,22.539258,120,37607.0,932,43.2,37607.0,43.2,37607.0,43.2,E07000214,120
245,E07000215,23,353,40378,44.2,10.161095699999999,13.908279,3.6686092000000006,15.28677,19.471037,110,35366.0,350,44.0,35366.0,44.0,35366.0,44.0,E07000215,110
246,E07000216,25,364,44350,44.6,7.65487128,21.1822004,0.293697542,11.945674,32.0081662,118,42860.2,362,44.2,42860.2,44.2,42860.2,44.2,E07000216,118
247,E07000217,13,1591,35379,40.8,10.534005,14.904973000000002,3.7213105000000004,14.83874,21.099469,89,37206.0,1589,40.1,37206.0,40.1,37206.0,40.1,E07000217,89
248,E07000218,19,228,28676,45.6,9.495989199999999,13.039983,3.0591863,14.192381,18.20341,89,26202.8,224,45.4,26202.8,45.4,26202.8,45.4,E07000218,89
249,E07000219,45,1633,25406,41.4,10.245467999999999,16.863326999999998,2.7985533,15.189338000000001,24.371799,187,24776.4,1622,41.5,24776.4,41.5,24776.4,41.5,E07000219,187
250,E07000220,15,305,31943,41.3,9.8936037,15.232806,2.997353,14.650182000000001,21.75272,80,31733.4,302,41.4,31733.4,41.4,31733.4,41.4,E07000220,80
251,E07000221,28,130,34261,48.1,9.0636532,7.7470466,3.9108883000000003,13.740426000000001,10.3326976,158,32372.4,128,47.9,32372.4,47.9,32372.4,47.9,E07000221,158
252,E07000222,29,504,36839,39.8,3.24960724,2.1549931,1.412330996,5.53599874,2.73893922,147,33907.4,497,40.0,33907.4,40.0,33907.4,40.0,E07000222,147
253,E07000224,14,723,27380,49.4,9.1787347,10.928555099999999,4.8996236,13.250485000000001,15.131810999999999,56,26011.2,714,48.8,26011.2,48.8,26011.2,48.8,E07000224,56
254,E07000225,22,154,29877,48.9,10.104645399999999,12.989034,3.7405798999999997,14.728751,18.211167,68,28586.2,152,48.3,28586.2,48.3,28586.2,48.3,E07000225,68
255,E07000226,21,2500,27167,37.2,10.606281300000001,16.557339000000002,2.9642712,15.319554,24.110762,111,27730.8,2479,36.6,27730.8,36.6,27730.8,36.6,E07000226,111
256,E07000228,41,448,36282,43.7,9.4756255,9.7996951,3.4140617,14.007164999999999,13.228717999999999,168,32283.4,443,43.3,32283.4,43.3,32283.4,43.3,E07000228,168
257,E07000229,9,3383,30228,44.8,10.2770821,13.2288513,3.1817355,14.655489000000001,18.525068,71,27540.0,3357,44.4,27540.0,44.4,27540.0,44.4,E07000229,71
258,E07000234,37,455,32175,45.5,9.5877722,15.791803,3.0353748,14.209338,22.440777999999998,140,30355.2,449,45.4,30355.2,45.4,30355.2,45.4,E07000234,140
259,E07000235,14,135,26325,50.5,8.646238199999999,6.798831599999999,3.8930086000000004,13.472441,8.976486300000001,75,25475.6,134,49.8,25475.6,49.8,25475.6,49.8,E07000235,75
260,E07000236,17,1567,23406,40.1,9.228546099999999,13.162927,3.2564634999999997,13.394421,18.315006,98,22028.6,1567,39.8,22028.6,39.8,22028.6,39.8,E07000236,98
261,E07000237,13,3062,26961,38.3,3.24960724,2.1549931,1.412330996,5.53599874,2.73893922,100,27553.8,3051,38.1,27553.8,38.1,27553.8,38.1,E07000237,100
262,E07000238,31,192,28504,48.0,8.6770238,7.908920299999999,3.8105957000000004,13.173086999999999,10.544087,126,27020.8,188,47.5,27020.8,47.5,27020.8,47.5,E07000238,126
263,E07000239,32,517,25626,46.5,9.4023214,13.059329,3.3758562999999993,13.715801999999998,18.218444,113,23799.0,513,46.0,23799.0,46.0,23799.0,46.0,E07000239,113
264,E07000240,36,914,52906,40.9,10.660403,17.354004999999997,3.6516622000000005,15.493257999999999,25.007576999999998,213,48106.0,911,40.4,48106.0,40.4,48106.0,40.4,E07000240,213
265,E07000241,39,948,31020,35.4,10.722194400000001,17.903854,3.6823186000000003,15.878081,25.945596,90,29805.4,929,35.6,29805.4,35.6,29805.4,35.6,E07000241,90
266,E07000242,34,311,45546,42.6,9.8879477,10.2306645,4.7390156999999995,15.124445999999999,13.890812,135,38531.2,308,42.1,38531.2,42.1,38531.2,42.1,E07000242,135
267,E07000243,4,3379,29805,38.1,10.734326,18.591881,3.6122318999999994,15.869643,27.306818,93,27626.4,3358,38.1,27626.4,38.1,27626.4,38.1,E07000243,93
268,E08000001,62,2041,24501,38.8,9.4970104,22.618238,1.3381553999999998,13.969397,34.359459,388,23362.8,2031,38.9,23362.8,38.9,23362.8,38.9,E08000001,388
269,E08000001,62,2041,24501,38.8,9.4970104,22.618238,1.3381553999999998,13.969397,34.359459,388,23362.8,2031,38.9,23362.8,38.9,23362.8,38.9,E08000001,388
270,E08000002,51,1911,27123,40.4,9.241408300000002,18.704883,3.4039693,13.156281,29.492665000000002,289,26665.2,1901,40.5,26665.2,40.5,26665.2,40.5,E08000002,289
271,E08000002,51,1911,27123,40.4,9.241408300000002,18.704883,3.4039693,13.156281,29.492665000000002,289,26665.2,1901,40.5,26665.2,40.5,26665.2,40.5,E08000002,289
272,E08000003,106,4735,25239,30.0,9.653284699999999,28.617765000000002,0.74548939,14.499879,46.526342,682,23857.6,4664,30.1,23857.6,30.1,23857.6,30.1,E08000003,682
273,E08000003,106,4735,25239,30.0,9.653284699999999,28.617765000000002,0.74548939,14.499879,46.526342,682,23857.6,4664,30.1,23857.6,30.1,23857.6,30.1,E08000003,682
274,E08000004,75,1655,23601,37.1,3.24960724,2.1549931,1.412330996,5.53599874,2.73893922,434,23172.2,1636,37.1,23172.2,37.1,23172.2,37.1,E08000004,434
275,E08000004,75,1655,23601,37.1,3.24960724,2.1549931,1.412330996,5.53599874,2.73893922,434,23172.2,1636,37.1,23172.2,37.1,23172.2,37.1,E08000004,434
276,E08000005,71,1391,24755,38.1,8.9145562,19.893210999999997,1.4934771,13.186888,29.451479,316,24113.6,1375,38.2,24113.6,38.2,24113.6,38.2,E08000005,316
277,E08000005,71,1391,24755,38.1,8.9145562,19.893210999999997,1.4934771,13.186888,29.451479,316,24113.6,1375,38.2,24113.6,38.2,24113.6,38.2,E08000005,316
278,E08000006,137,2617,24908,35.0,9.5866614,24.59471,1.13617435,14.266425,38.333762,410,24212.4,2571,35.1,24212.4,35.1,24212.4,35.1,E08000006,410
279,E08000006,137,2617,24908,35.0,9.5866614,24.59471,1.13617435,14.266425,38.333762,410,24212.4,2571,35.1,24212.4,35.1,24212.4,35.1,E08000006,410
280,E08000007,100,2315,30372,42.5,9.5657031,23.957570999999998,1.18486088,14.055133999999999,36.838260999999996,475,28246.2,2302,42.6,28246.2,42.6,28246.2,42.6,E08000007,475
281,E08000007,100,2315,30372,42.5,9.5657031,23.957570999999998,1.18486088,14.055133999999999,36.838260999999996,475,28246.2,2302,42.6,28246.2,42.6,28246.2,42.6,E08000007,475
282,E08000008,75,2183,23571,40.2,9.3104403,21.497457999999998,1.2919903999999998,13.477492000000002,32.516094,279,22479.2,2167,40.5,22479.2,40.5,22479.2,40.5,E08000008,279
283,E08000008,75,2183,23571,40.2,9.3104403,21.497457999999998,1.2919903999999998,13.477492000000002,32.516094,279,22479.2,2167,40.5,22479.2,40.5,22479.2,40.5,E08000008,279
284,E08000009,46,2229,36338,40.6,8.3061348,15.9379,1.8040441000000003,12.348092,22.744773000000002,375,33052.2,2214,40.5,33052.2,40.5,33052.2,40.5,E08000009,375
285,E08000009,46,2229,36338,40.6,8.3061348,15.9379,1.8040441000000003,12.348092,22.744773000000002,375,33052.2,2214,40.5,33052.2,40.5,33052.2,40.5,E08000009,375
286,E08000010,52,1733,25597,42.2,8.449407199999998,17.031253,1.8439193,12.420800999999999,24.729791,359,24280.8,1724,42.0,24280.8,42.0,24280.8,42.0,E08000010,359
287,E08000010,52,1733,25597,42.2,8.449407199999998,17.031253,1.8439193,12.420800999999999,24.729791,359,24280.8,1724,42.0,24280.8,42.0,24280.8,42.0,E08000010,359
288,E08000011,24,1729,25101,39.6,8.9852059,18.176605,1.9399015,13.618129000000001,26.374337,296,23780.8,1716,40.2,23780.8,40.2,23780.8,40.2,E08000011,296
289,E08000011,24,1729,25101,39.6,8.9852059,18.176605,1.9399015,13.618129000000001,26.374337,296,23780.8,1716,40.2,23780.8,40.2,23780.8,40.2,E08000011,296
290,E08000012,213,4424,25557,34.7,8.6602219,23.244769,1.5150306,12.837555,35.826435,897,24875.0,4363,34.9,24875.0,34.9,24875.0,34.9,E08000012,897
291,E08000012,213,4424,25557,34.7,8.6602219,23.244769,1.5150306,12.837555,35.826435,897,24875.0,4363,34.9,24875.0,34.9,24875.0,34.9,E08000012,897
292,E08000013,35,1320,25877,43.0,8.9779252,19.437595,1.7095407,13.07929,28.980031,376,24381.6,1312,42.9,24381.6,42.9,24381.6,42.9,E08000013,376
293,E08000013,35,1320,25877,43.0,8.9779252,19.437595,1.7095407,13.07929,28.980031,376,24381.6,1312,42.9,24381.6,42.9,24381.6,42.9,E08000013,376
294,E08000014,89,1777,25897,46.4,8.2370875,13.0655891,2.3364092,12.637636,18.193959,477,24600.2,1755,45.9,24600.2,45.9,24600.2,45.9,E08000014,477
295,E08000014,89,1777,25897,46.4,8.2370875,13.0655891,2.3364092,12.637636,18.193959,477,24600.2,1755,45.9,24600.2,45.9,24600.2,45.9,E08000014,477
296,E08000015,116,2058,26766,44.3,7.542381,11.044175599999999,2.6059577000000003,11.817689,15.052657,551,26440.2,2005,44.0,26440.2,44.0,26440.2,44.0,E08000015,551
297,E08000015,116,2058,26766,44.3,7.542381,11.044175599999999,2.6059577000000003,11.817689,15.052657,551,26440.2,2005,44.0,26440.2,44.0,26440.2,44.0,E08000015,551
298,E08000016,55,745,25394,42.5,8.4585658,16.920314,1.70269852,12.589036,24.890707,336,23872.4,737,42.4,23872.4,42.4,23872.4,42.4,E08000016,336
299,E08000016,55,745,25394,42.5,8.4585658,16.920314,1.70269852,12.589036,24.890707,336,23872.4,737,42.4,23872.4,42.4,23872.4,42.4,E08000016,336
300,E08000017,35,547,24590,41.3,9.430042599999998,19.454632,1.8918504,14.401685999999998,28.936415000000004,231,23357.2,543,41.3,23357.2,41.3,23357.2,41.3,E08000017,231
301,E08000017,35,547,24590,41.3,9.430042599999998,19.454632,1.8918504,14.401685999999998,28.936415000000004,231,23357.2,543,41.3,23357.2,41.3,23357.2,41.3,E08000017,231
302,E08000018,55,924,24152,42.1,9.5106935,23.773429,1.2453332000000001,14.040769000000001,37.429849,350,23240.4,917,42.2,23240.4,42.2,23240.4,42.2,E08000018,350
303,E08000018,55,924,24152,42.1,9.5106935,23.773429,1.2453332000000001,14.040769000000001,37.429849,350,23240.4,917,42.2,23240.4,42.2,23240.4,42.2,E08000018,350
304,E08000019,115,1583,25706,35.4,8.8728069,22.23027,1.3158125,13.043908,34.169546999999994,1306,24071.8,1564,35.7,24071.8,35.7,24071.8,35.7,E08000019,1306
305,E08000019,115,1583,25706,35.4,8.8728069,22.23027,1.3158125,13.043908,34.169546999999994,1306,24071.8,1564,35.7,24071.8,35.7,24071.8,35.7,E08000019,1306
306,E08000021,66,2646,28350,32.4,7.72750854,21.9876402,1.3767015,11.669198699999999,33.1724586,570,26268.6,2603,32.8,26268.6,32.8,26268.6,32.8,E08000021,570
307,E08000021,66,2646,28350,32.4,7.72750854,21.9876402,1.3767015,11.669198699999999,33.1724586,570,26268.6,2603,32.8,26268.6,32.8,26268.6,32.8,E08000021,570
308,E08000022,27,2502,27296,43.4,7.5214416,15.629445,1.901577836,11.8279016,22.1908128,299,25197.0,2485,43.2,25197.0,43.2,25197.0,43.2,E08000022,299
309,E08000022,27,2502,27296,43.4,7.5214416,15.629445,1.901577836,11.8279016,22.1908128,299,25197.0,2485,43.2,25197.0,43.2,25197.0,43.2,E08000022,299
310,E08000023,31,2334,25656,43.5,7.61796332,17.678519,1.824733786,11.5972192,25.7544706,218,24717.6,2321,43.5,24717.6,43.5,24717.6,43.5,E08000023,218
311,E08000023,31,2334,25656,43.5,7.61796332,17.678519,1.824733786,11.5972192,25.7544706,218,24717.6,2321,43.5,24717.6,43.5,24717.6,43.5,E08000023,218
312,E08000024,114,2018,23743,42.2,7.63110846,17.5725842,1.9881838680000001,11.6533856,25.4057448,631,23233.0,2017,42.2,23233.0,42.2,23233.0,42.2,E08000024,631
313,E08000024,114,2018,23743,42.2,7.63110846,17.5725842,1.9881838680000001,11.6533856,25.4057448,631,23233.0,2017,42.2,23233.0,42.2,23233.0,42.2,E08000024,631
314,E08000025,501,4262,26332,32.6,11.741391,30.600169,1.1231200000000001,17.405468,51.074462,1866,24941.2,4209,32.7,24941.2,32.7,24941.2,32.7,E08000025,1866
315,E08000025,501,4262,26332,32.6,11.741391,30.600169,1.1231200000000001,17.405468,51.074462,1866,24941.2,4209,32.7,24941.2,32.7,24941.2,32.7,E08000025,1866
316,E08000026,106,3718,27628,32.1,11.065928999999999,23.607412,2.0759364,16.039635999999998,36.588115,402,25544.2,3600,32.7,25544.2,32.7,25544.2,32.7,E08000026,402
317,E08000026,106,3718,27628,32.1,11.065928999999999,23.607412,2.0759364,16.039635999999998,36.588115,402,25544.2,3600,32.7,25544.2,32.7,25544.2,32.7,E08000026,402
318,E08000027,120,3273,25792,42.1,10.847311999999999,21.674546,2.2796814,15.6997,32.778234999999995,441,24766.8,3252,42.2,24766.8,42.2,24766.8,42.2,E08000027,441
319,E08000027,120,3273,25792,42.1,10.847311999999999,21.674546,2.2796814,15.6997,32.778234999999995,441,24766.8,3252,42.2,24766.8,42.2,24766.8,42.2,E08000027,441
320,E08000028,139,3826,23451,36.5,11.966264,27.220390000000002,1.5492214,17.45255,43.768543,566,22550.6,3778,36.4,22550.6,36.4,22550.6,36.4,E08000028,566
321,E08000028,139,3826,23451,36.5,11.966264,27.220390000000002,1.5492214,17.45255,43.768543,566,22550.6,3778,36.4,22550.6,36.4,22550.6,36.4,E08000028,566
322,E08000029,82,1205,33596,43.3,10.088001,20.786076,2.4259686,14.624664000000001,31.183037,348,31585.6,1195,43.4,31585.6,43.4,31585.6,43.4,E08000029,348
323,E08000029,82,1205,33596,43.3,10.088001,20.786076,2.4259686,14.624664000000001,31.183037,348,31585.6,1195,43.4,31585.6,43.4,31585.6,43.4,E08000029,348
324,E08000030,136,2725,22988,38.2,11.50158,23.627712,1.974055,16.837314000000003,36.455678999999996,564,22007.4,2691,38.6,22007.4,38.6,22007.4,38.6,E08000030,564
325,E08000030,136,2725,22988,38.2,11.50158,23.627712,1.974055,16.837314000000003,36.455678999999996,564,22007.4,2691,38.6,22007.4,38.6,22007.4,38.6,E08000030,564
326,E08000031,142,3773,23714,37.7,10.760344400000001,23.012566,2.0510155,15.580035,35.536401,451,23561.0,3724,37.8,23561.0,37.8,23561.0,37.8,E08000031,451
327,E08000031,142,3773,23714,37.7,10.760344400000001,23.012566,2.0510155,15.580035,35.536401,451,23561.0,3724,37.8,23561.0,37.8,23561.0,37.8,E08000031,451
328,E08000032,103,1466,25263,36.2,9.803576199999998,22.956835,1.3914688999999998,14.273631,35.237531,413,24019.0,1456,35.8,24019.0,35.8,24019.0,35.8,E08000032,413
329,E08000032,103,1466,25263,36.2,9.803576199999998,22.956835,1.3914688999999998,14.273631,35.237531,413,24019.0,1456,35.8,24019.0,35.8,24019.0,35.8,E08000032,413
330,E08000033,36,577,25656,42.2,7.0488650999999996,9.6963522,2.1705286,10.1384644,13.123226999999998,142,24800.2,575,42.0,24800.2,42.0,24800.2,42.0,E08000033,142
331,E08000033,36,577,25656,42.2,7.0488650999999996,9.6963522,2.1705286,10.1384644,13.123226999999998,142,24800.2,575,42.0,24800.2,42.0,24800.2,42.0,E08000033,142
332,E08000034,85,1074,25982,39.4,8.743591,18.24934,1.5824208999999998,12.684633999999999,26.964693,321,24890.0,1066,39.2,24890.0,39.2,24890.0,39.2,E08000034,321
333,E08000034,85,1074,25982,39.4,8.743591,18.24934,1.5824208999999998,12.684633999999999,26.964693,321,24890.0,1066,39.2,24890.0,39.2,24890.0,39.2,E08000034,321
334,E08000035,133,1430,27571,35.4,10.164862800000002,26.57757,1.19202665,15.088911999999999,42.338390999999994,632,26555.8,1416,35.6,26555.8,35.6,26555.8,35.6,E08000035,632
335,E08000035,133,1430,27571,35.4,10.164862800000002,26.57757,1.19202665,15.088911999999999,42.338390999999994,632,26555.8,1416,35.6,26555.8,35.6,26555.8,35.6,E08000035,632
336,E08000036,94,1019,24190,41.8,8.7385212,18.561603,1.7627821,13.101237,27.310980999999998,307,23294.6,1003,42.1,23294.6,42.1,23294.6,42.1,E08000036,307
337,E08000036,94,1019,24190,41.8,8.7385212,18.561603,1.7627821,13.101237,27.310980999999998,307,23294.6,1003,42.1,23294.6,42.1,23294.6,42.1,E08000036,307
338,E08000037,62,1423,24462,41.3,7.80897094,21.961577,1.4022208999999999,11.7702864,33.157732,427,24149.2,1419,41.4,24149.2,41.4,24149.2,41.4,E08000037,427
339,E08000037,62,1423,24462,41.3,7.80897094,21.961577,1.4022208999999999,11.7702864,33.157732,427,24149.2,1419,41.4,24149.2,41.4,24149.2,41.4,E08000037,427
340,E09000002,95,5871,27104,32.3,12.134998,21.678691,3.1858216,17.643172,32.749748,319,25575.8,5751,32.1,25575.8,32.1,25575.8,32.1,E09000002,319
341,E09000002,95,5871,27104,32.3,12.134998,21.678691,3.1858216,17.643172,32.749748,319,25575.8,5751,32.1,25575.8,32.1,25575.8,32.1,E09000002,319
342,E09000003,227,4520,37872,37.0,10.664088000000001,18.285064000000002,3.5259157999999995,15.512660999999998,26.717298,954,35462.4,4444,36.5,35462.4,36.5,35462.4,36.5,E09000003,954
343,E09000003,227,4520,37872,37.0,10.664088000000001,18.285064000000002,3.5259157999999995,15.512660999999998,26.717298,954,35462.4,4444,36.5,35462.4,36.5,35462.4,36.5,E09000003,954
344,E09000004,98,4082,34243,38.8,3.24960724,2.1549931,1.412330996,5.53599874,2.73893922,421,32963.0,4043,38.8,32963.0,38.8,32963.0,38.8,E09000004,421
345,E09000004,98,4082,34243,38.8,3.24960724,2.1549931,1.412330996,5.53599874,2.73893922,421,32963.0,4043,38.8,32963.0,38.8,32963.0,38.8,E09000004,421
346,E09000005,255,7652,30990,35.3,3.24960724,2.1549931,1.412330996,5.53599874,2.73893922,1020,30566.6,7555,34.7,30566.6,34.7,30566.6,34.7,E09000005,1020
347,E09000005,255,7652,30990,35.3,3.24960724,2.1549931,1.412330996,5.53599874,2.73893922,1020,30566.6,7555,34.7,30566.6,34.7,30566.6,34.7,E09000005,1020
348,E09000006,129,2205,42970,40.6,11.110861,19.326467,3.2625772,16.099772,28.478915999999998,755,41846.2,2184,40.5,41846.2,40.5,41846.2,40.5,E09000006,755
349,E09000006,129,2205,42970,40.6,11.110861,19.326467,3.2625772,16.099772,28.478915999999998,755,41846.2,2184,40.5,41846.2,40.5,41846.2,40.5,E09000006,755
350,E09000007,81,12035,59681,33.9,3.24960724,2.1549931,1.412330996,5.53599874,2.73893922,432,49317.0,11586,33.8,49317.0,33.8,49317.0,33.8,E09000007,432
351,E09000007,81,12035,59681,33.9,3.24960724,2.1549931,1.412330996,5.53599874,2.73893922,432,49317.0,11586,33.8,49317.0,33.8,49317.0,33.8,E09000007,432
352,E09000008,222,4455,34732,37.4,11.794322,22.422593,2.7451784,17.279614000000002,34.067118,987,31751.0,4427,36.8,31751.0,36.8,31751.0,36.8,E09000008,987
353,E09000008,222,4455,34732,37.4,11.794322,22.422593,2.7451784,17.279614000000002,34.067118,987,31751.0,4427,36.8,31751.0,36.8,31751.0,36.8,E09000008,987
354,E09000009,177,6157,38361,36.7,12.376947999999999,29.540090999999997,1.7895723999999997,18.256389000000002,48.592071999999995,744,34341.0,6177,35.9,34341.0,35.9,34341.0,35.9,E09000009,744
355,E09000009,177,6157,38361,36.7,12.376947999999999,29.540090999999997,1.7895723999999997,18.256389000000002,48.592071999999995,744,34341.0,6177,35.9,34341.0,35.9,34341.0,35.9,E09000009,744
356,E09000010,181,4130,31556,36.1,11.301083,19.721368,3.3756733999999997,16.475529,29.228234000000004,552,30505.0,4094,35.6,30505.0,35.6,30505.0,35.6,E09000010,552
357,E09000010,181,4130,31556,36.1,11.301083,19.721368,3.3756733999999997,16.475529,29.228234000000004,552,30505.0,4094,35.6,30505.0,35.6,30505.0,35.6,E09000010,552
358,E09000011,112,6046,41664,34.7,12.419939999999999,28.521953000000003,1.90245743,18.476589,46.075363,467,38331.6,5917,34.3,38331.6,34.3,38331.6,34.3,E09000011,467
359,E09000011,112,6046,41664,34.7,12.419939999999999,28.521953000000003,1.90245743,18.476589,46.075363,467,38331.6,5917,34.3,38331.6,34.3,38331.6,34.3,E09000011,467
360,E09000012,122,14681,34129,33.0,13.140414000000002,32.933899,1.37220514,19.900953,55.322724,489,33744.8,14364,32.4,33744.8,32.4,33744.8,32.4,E09000012,489
361,E09000012,122,14681,34129,33.0,13.140414000000002,32.933899,1.37220514,19.900953,55.322724,489,33744.8,14364,32.4,33744.8,32.4,33744.8,32.4,E09000012,489
362,E09000013,87,11308,52965,34.8,12.889769,32.098306,1.52859605,19.282038,53.793856000000005,388,48961.8,11168,34.3,48961.8,34.3,48961.8,34.3,E09000013,388
363,E09000013,87,11308,52965,34.8,12.889769,32.098306,1.52859605,19.282038,53.793856000000005,388,48961.8,11168,34.3,48961.8,34.3,48961.8,34.3,E09000013,388
364,E09000014,153,9143,35201,35.4,12.462926,27.278375,2.2622579,18.503460999999998,43.29585,425,33264.4,9095,34.6,33264.4,34.6,33264.4,34.6,E09000014,425
365,E09000014,153,9143,35201,35.4,12.462926,27.278375,2.2622579,18.503460999999998,43.29585,425,33264.4,9095,34.6,33264.4,34.6,33264.4,34.6,E09000014,425
366,E09000015,197,4957,35683,38.0,11.282248,21.529002,2.9839331000000002,16.319785,32.673344,654,33158.4,4924,37.4,33158.4,37.4,33158.4,37.4,E09000015,654
367,E09000015,197,4957,35683,38.0,11.282248,21.529002,2.9839331000000002,16.319785,32.673344,654,33158.4,4924,37.4,33158.4,37.4,33158.4,37.4,E09000015,654
368,E09000016,122,2295,32382,39.2,12.902364,34.529892,1.10084968,19.371801,59.7363,445,32577.2,2258,39.7,32577.2,39.7,32577.2,39.7,E09000016,445
369,E09000016,122,2295,32382,39.2,12.902364,34.529892,1.10084968,19.371801,59.7363,445,32577.2,2258,39.7,32577.2,39.7,32577.2,39.7,E09000016,445
370,E09000017,143,2635,30167,35.9,11.251489,22.755731,2.8178679,16.388235,34.655861,510,31070.0,2595,35.5,31070.0,35.5,31070.0,35.5,E09000017,510
371,E09000017,143,2635,30167,35.9,11.251489,22.755731,2.8178679,16.388235,34.655861,510,31070.0,2595,35.5,31070.0,35.5,31070.0,35.5,E09000017,510
372,E09000018,106,4837,32699,36.0,11.808638,25.316942,2.3873911,17.191737,39.871155,484,32624.6,4795,35.3,32624.6,35.3,32624.6,35.3,E09000018,484
373,E09000018,106,4837,32699,36.0,11.808638,25.316942,2.3873911,17.191737,39.871155,484,32624.6,4795,35.3,32624.6,35.3,32624.6,35.3,E09000018,484
374,E09000019,77,16097,53343,32.1,13.430026999999999,37.355227,0.80875992,20.342073000000003,66.43306,330,48398.0,15679,32.1,48398.0,32.1,48398.0,32.1,E09000019,330
375,E09000019,77,16097,53343,32.1,13.430026999999999,37.355227,0.80875992,20.342073000000003,66.43306,330,48398.0,15679,32.1,48398.0,32.1,48398.0,32.1,E09000019,330
376,E09000021,37,4709,41573,37.2,11.257067,21.858956,2.7993732999999996,16.262486,33.187248,297,40027.2,4658,36.6,40027.2,36.6,40027.2,36.6,E09000021,297
377,E09000021,37,4709,41573,37.2,11.257067,21.858956,2.7993732999999996,16.262486,33.187248,297,40027.2,4658,36.6,40027.2,36.6,40027.2,36.6,E09000021,297
378,E09000022,141,12156,42092,33.1,13.704021,45.006248,0.18187262,20.586006,85.774638,887,36547.4,12034,32.7,36547.4,32.7,36547.4,32.7,E09000022,887
379,E09000022,141,12156,42092,33.1,13.704021,45.006248,0.18187262,20.586006,85.774638,887,36547.4,12034,32.7,36547.4,32.7,36547.4,32.7,E09000022,887
380,E09000023,152,8636,35379,35.0,12.426378,26.584139,2.2952405,18.382954,41.767914000000005,684,33303.8,8511,34.5,33303.8,34.5,33303.8,34.5,E09000023,684
381,E09000023,152,8636,35379,35.0,12.426378,26.584139,2.2952405,18.382954,41.767914000000005,684,33303.8,8511,34.5,33303.8,34.5,33303.8,34.5,E09000023,684
382,E09000024,102,5480,45195,37.1,12.187732,23.488910999999998,2.5754644,17.732212,36.076128999999995,489,43352.8,5475,36.3,43352.8,36.3,43352.8,36.3,E09000024,489
383,E09000024,102,5480,45195,37.1,12.187732,23.488910999999998,2.5754644,17.732212,36.076128999999995,489,43352.8,5475,36.3,43352.8,36.3,43352.8,36.3,E09000024,489
384,E09000025,168,9723,28129,31.9,13.234772,29.805792999999998,1.8857272,19.738968,48.366301,744,26142.0,9494,31.2,26142.0,31.2,26142.0,31.2,E09000025,744
385,E09000025,168,9723,28129,31.9,13.234772,29.805792999999998,1.8857272,19.738968,48.366301,744,26142.0,9494,31.2,26142.0,31.2,26142.0,31.2,E09000025,744
386,E09000026,157,5386,34970,35.5,12.691722,28.495943,2.1606312,19.049323,45.530004,499,34837.2,5330,34.9,34837.2,34.9,34837.2,34.9,E09000026,499
387,E09000026,157,5386,34970,35.5,12.691722,28.495943,2.1606312,19.049323,45.530004,499,34837.2,5330,34.9,34837.2,34.9,34837.2,34.9,E09000026,499
388,E09000027,64,3430,58327,40.7,11.156723,21.559959,2.8946109,16.112473,32.664473,280,54154.8,3407,40.0,54154.8,40.0,54154.8,40.0,E09000027,280
389,E09000027,64,3430,58327,40.7,11.156723,21.559959,2.8946109,16.112473,32.664473,280,54154.8,3407,40.0,54154.8,40.0,54154.8,40.0,E09000027,280
390,E09000028,136,10992,37769,33.4,13.644788,44.034353,0.24453929,20.557892000000002,83.187956,950,36855.0,10815,32.9,36855.0,32.9,36855.0,32.9,E09000028,950
391,E09000028,136,10992,37769,33.4,13.644788,44.034353,0.24453929,20.557892000000002,83.187956,950,36855.0,10815,32.9,36855.0,32.9,36855.0,32.9,E09000028,950
392,E09000029,74,4665,33941,39.2,3.24960724,2.1549931,1.412330996,5.53599874,2.73893922,432,31303.8,4614,38.9,31303.8,38.9,31303.8,38.9,E09000029,432
393,E09000029,74,4665,33941,39.2,3.24960724,2.1549931,1.412330996,5.53599874,2.73893922,432,31303.8,4614,38.9,31303.8,38.9,31303.8,38.9,E09000029,432
394,E09000030,105,16057,45798,31.3,10.3573169,12.727674,4.1232212,14.98763,17.778522,477,41973.0,15427,30.7,41973.0,30.7,41973.0,30.7,E09000030,477
395,E09000030,105,16057,45798,31.3,10.3573169,12.727674,4.1232212,14.98763,17.778522,477,41973.0,15427,30.7,41973.0,30.7,41973.0,30.7,E09000030,477
396,E09000031,116,7130,32167,34.9,3.24960724,2.1549931,1.412330996,5.53599874,2.73893922,526,29851.8,7051,34.3,29851.8,34.3,29851.8,34.3,E09000031,526
397,E09000031,116,7130,32167,34.9,3.24960724,2.1549931,1.412330996,5.53599874,2.73893922,526,29851.8,7051,34.3,29851.8,34.3,29851.8,34.3,E09000031,526
398,E09000032,112,9528,57605,33.9,12.295616,27.220236,2.1649345,18.246782,43.183613,742,52749.4,9424,33.4,52749.4,33.4,52749.4,33.4,E09000032,742
399,E09000032,112,9528,57605,33.9,12.295616,27.220236,2.1649345,18.246782,43.183613,742,52749.4,9424,33.4,52749.4,33.4,52749.4,33.4,E09000032,742
400,E09000033,102,11883,77504,36.1,3.24960724,2.1549931,1.412330996,5.53599874,2.73893922,490,67889.2,11418,35.8,67889.2,35.8,67889.2,35.8,E09000033,490
401,E09000033,102,11883,77504,36.1,3.24960724,2.1549931,1.412330996,5.53599874,2.73893922,490,67889.2,11418,35.8,67889.2,35.8,67889.2,35.8,E09000033,490
